player,age,elo,hardraw,clayraw,grassraw,hard-court-elo-rating,clay-court-elo-rating,grass-court-elo-rating,peak-age,peak-elo,gender
Novak Djokovic,34.5,2185.2,2068,2016.3,1942.4,2126.6,2100.8,2063.8,28.8,2470,Male
Daniil Medvedev,25.9,2166.2,2095.3,1714.1,1723.4,2130.7,1940.1,1944.8,25.9,2175.1,Male
Alexander Zverev,24.7,2141.3,2056.7,1999.1,1671.4,2099,2070.2,1906.4,24.7,2157.9,Male
Roger Federer,39.9,2043,1936.7,1749.6,1813.4,1989.8,1896.3,1928.2,25.6,2382,Male
Carlos Alcaraz,18.5,2029.5,1906.3,1834.4,1441.4,1967.9,1932,1735.5,18.5,2029.5,Male
Stefanos Tsitsipas,23.4,2023,1882,2005.5,1543.4,1952.5,2014.3,1783.2,22.8,2132.6,Male
Casper Ruud,23,2010.2,1846,1951.2,1465.9,1928.1,1980.7,1738,22.9,2032,Male
Rafael Nadal,35.6,2007.5,1820,1951.2,1500,1913.7,1979.3,1753.7,22.9,2370,Male
Jannik Sinner,20.4,2006.1,1931.2,1807,1312.8,1968.7,1906.6,1659.5,19.7,2025.3,Male
Dominic Thiem,27.7,2002.1,1934.8,1936.2,1618.3,1968.4,1969.1,1810.2,22.8,2123.2,Male
Matteo Berrettini,25.7,1991.1,1769.8,1910.5,1853,1880.4,1950.8,1922.1,25.2,2044.4,Male
Jenson Brooksby,21,1961.2,1863.1,1661.7,1655.9,1912.1,1811.4,1808.5,21,1968.3,Male
Andrey Rublev,24.1,1955,1864.5,1827.4,1652.8,1909.7,1891.2,1803.9,23.5,2105.3,Male
Felix Auger Aliassime,21.4,1936,1830.4,1681.9,1784,1883.2,1808.9,1860,18.9,1937.9,Male
Diego Schwartzman,29.4,1933.9,1845.6,1854.7,1526,1889.7,1894.3,1729.9,28.2,1972.9,Male
Pablo Carreno Busta,30.5,1933.1,1811.9,1868,1439.8,1872.5,1900.5,1686.4,30.1,2001.3,Male
Sebastian Korda,21.3,1916,1797.3,1652.9,1670.2,1856.6,1784.4,1793.1,21.3,1929.2,Male
Tallon Griekspoor,25.5,1915,1750.8,1800.8,1513.3,1832.9,1857.9,1714.1,25.5,1915,Male
Taylor Fritz,24.2,1914.2,1827.8,1654,1600.7,1871,1784.1,1757.5,24.2,1919,Male
Cameron Norrie,26.4,1910.5,1773.6,1810.7,1575.1,1842,1860.6,1742.8,26.2,1987.1,Male
Hubert Hurkacz,24.9,1905.5,1825.9,1572.7,1689.8,1865.7,1739.1,1797.7,24.6,1937.1,Male
Grigor Dimitrov,30.6,1903.5,1819.2,1723.3,1521.5,1861.4,1813.4,1712.5,23.2,2090.3,Male
Kei Nishikori,31.8,1900.1,1810.8,1805.2,1628.4,1855.4,1852.7,1764.3,26.7,2210.4,Male
Ilya Ivashka,27.7,1898.3,1785.2,1677.6,1604.8,1841.8,1788,1751.5,27.6,1911.4,Male
Karen Khachanov,25.6,1892.5,1807.1,1747.8,1705,1849.8,1820.1,1798.8,22.4,2015.2,Male
Milos Raonic,30.6,1888.7,1802.8,1671.5,1640.2,1845.7,1780.1,1764.4,25.5,2155.9,Male
Tommy Paul,24.6,1882.5,1781.5,1676.4,1506.5,1832,1779.5,1694.5,24.6,1898.1,Male
Marin Cilic,33.3,1879.6,1755.4,1740,1796,1817.5,1809.8,1837.8,21.4,2094.4,Male
Frances Tiafoe,24,1875.3,1797,1653.5,1616.9,1836.1,1764.4,1746.1,23.8,1904.8,Male
Denis Shapovalov,22.7,1873.5,1761.7,1713,1667.6,1817.6,1793.2,1770.5,20.7,1973.2,Male
Aslan Karatsev,28.2,1872.8,1775.2,1726.6,1322.6,1824,1799.7,1597.7,27.7,1958.3,Male
Lloyd Harris,24.7,1870.3,1796.5,1576.4,1431.7,1833.4,1723.4,1651,24.6,1889.3,Male
Botic Van De Zandschulp,26.3,1869.8,1789.5,1642.7,1413.9,1829.6,1756.3,1641.8,26.3,1885.2,Male
Brandon Nakashima,20.3,1869.1,1784,1381.1,1536.1,1826.6,1625.1,1702.6,20.3,1898.2,Male
John Isner,36.7,1864.5,1759.2,1728.1,1688.6,1811.9,1796.3,1776.6,27.3,2039.7,Male
Roberto Bautista Agut,33.7,1863.2,1792.7,1673.8,1678.4,1827.9,1768.5,1770.8,27.8,2014.5,Male
Gael Monfils,35.3,1854.3,1832.9,1530.3,1419.8,1843.6,1692.3,1637.1,28.6,2067.7,Male
Daniel Evans,31.6,1853.4,1766.8,1600.1,1687.3,1810.1,1726.8,1770.4,30.9,1886.1,Male
Andy Murray,34.6,1832.8,1736.2,1778.8,1637.9,1784.5,1805.8,1735.3,29.6,2347,Male
Lorenzo Sonego,26.6,1823.8,1632.9,1788.9,1638.7,1728.4,1806.3,1731.2,26,1887.4,Male
Ugo Humbert,23.5,1823.4,1696,1406,1747.3,1759.7,1614.7,1785.4,23.1,1914.5,Male
Nikoloz Basilashvili,29.9,1823.3,1714.4,1713.4,1549.9,1768.8,1768.3,1686.6,26.6,1877.7,Male
Alex De Minaur,22.9,1823.1,1722.9,1453.5,1650,1773,1638.3,1736.5,20.9,1992.8,Male
Marcos Giron,28.4,1818,1720.4,1472.2,1594.4,1769.2,1645.1,1706.2,28.3,1842.5,Male
Alejandro Davidovich Fokina,22.4,1815.1,1652.7,1799.3,1463.3,1733.9,1807.2,1639.2,22,1927.9,Male
Nick Kyrgios,26.3,1811.6,1700.4,1500,1580.3,1756,1655.8,1695.9,22.3,2088.8,Male
Reilly Opelka,24.4,1809.9,1716.3,1686.3,1391.6,1763.1,1748.1,1600.7,23,1898.7,Male
Jeremy Chardy,34.5,1807,1750.8,1669.2,1543.8,1778.9,1738.1,1675.4,22.5,1897.6,Male
Alex Molcan,24.1,1806.1,1695.4,1688.8,1497.6,1750.8,1747.4,1651.9,24.1,1823.9,Male
David Goffin,31.1,1803.9,1698.2,1736.2,1724.3,1751,1770.1,1764.1,26.4,2038.3,Male
Emil Ruusuvuori,22.8,1803.1,1726.8,1367.7,1436,1765,1585.4,1619.6,20.8,1849.9,Male
Kevin Anderson,35.6,1800,1701.2,1671.7,1658,1750.6,1735.8,1729,32.7,2026.6,Male
Holger Rune,18.7,1798.5,1656.6,1742.1,1500,1727.5,1770.3,1649.2,18.4,1876.6,Male
Marton Fucsovics,29.9,1798.3,1709,1650.8,1610.6,1753.6,1724.5,1704.4,29.1,1923.6,Male
Alexander Bublik,24.5,1793.8,1704.5,1536.7,1587.6,1749.1,1665.2,1690.7,23.9,1845.4,Male
Fabio Fognini,34.4,1793.3,1704.5,1757,1629.1,1748.9,1775.1,1711.2,26.9,2007.7,Male
Sebastian Baez,21,1793.1,1455.4,1823.8,1368.2,1624.2,1808.5,1580.6,21,1848.4,Male
Jan Lennard Struff,31.7,1786.7,1676.8,1734.6,1518.1,1731.7,1760.6,1652.4,29.2,1898.1,Male
Filip Krajinovic,29.9,1779.4,1686.9,1777.9,1346.9,1733.1,1778.7,1563.2,28.5,1937.9,Male
Oscar Otte,28.5,1778.2,1686,1562.1,1515.8,1732.1,1670.1,1647,28.5,1797.7,Male
Cristian Garin,25.6,1777.5,1522,1786.4,1611.4,1649.8,1782,1694.5,25.1,1887.2,Male
Aljaz Bedene,32,1776.5,1709.2,1676.7,1544.4,1742.9,1726.6,1660.5,28,1904,Male
Pedro Martinez,24.5,1770.7,1581.7,1718.3,1420.7,1676.2,1744.5,1595.7,24.4,1812.4,Male
Richard Gasquet,35.4,1765.7,1660.2,1682.6,1610.3,1713,1724.2,1688,26.8,2051.8,Male
Kamil Majchrzak,26,1762.2,1605.5,1675.6,1654.9,1683.9,1718.9,1708.6,25.7,1768.7,Male
Soon Woo Kwon,24.1,1760,1675.7,1470.7,1543.6,1717.8,1615.4,1651.8,23.8,1776.9,Male
Mackenzie Mcdonald,26.7,1757,1681.9,1627.6,1610.3,1719.4,1692.3,1683.7,26.5,1801.6,Male
Maxime Cressy,24.7,1756.4,1696.5,1264.5,1451.9,1726.5,1510.5,1604.1,24.7,1762.8,Male
Mikael Ymer,23.3,1749,1665.6,1628.8,1509.7,1707.3,1688.9,1629.3,21.1,1875.2,Male
Corentin Moutet,22.7,1748.1,1708.2,1563.7,1483.2,1728.1,1655.9,1615.6,22,1795.3,Male
Yoshihito Nishioka,26.3,1743.4,1655.4,1611.8,1394.3,1699.4,1677.6,1568.8,24.4,1883.1,Male
John Millman,32.6,1738.5,1659.3,1610.4,1494.9,1698.9,1674.5,1616.7,27.2,1845.6,Male
Philipp Kohlschreiber,38,1736.5,1694.8,1667.2,1544,1715.7,1701.9,1640.3,25.7,1985.4,Male
Sam Querrey,34,1736.4,1600.7,1631.1,1702.3,1668.5,1683.7,1719.3,25.1,1971.5,Male
James Duckworth,30,1736,1657.4,1433.5,1546.2,1696.7,1584.7,1641.1,29.8,1771.2,Male
Ricardas Berankis,31.5,1732.4,1635.1,1567.5,1393.7,1683.8,1650,1563.1,20.1,1808.8,Male
Daniel Altmaier,23.3,1729.9,1576.8,1690.8,1435.5,1653.4,1710.4,1582.7,22.9,1779.1,Male
Hugo Gaston,21.1,1727.6,1573.1,1636.9,1421.9,1650.4,1682.3,1574.7,21.1,1783.4,Male
Guido Pella,31.4,1726.4,1675.6,1686.4,1490.5,1701,1706.4,1608.5,29.2,1869,Male
Laslo Djere,26.6,1726,1473.3,1759.2,1313.7,1599.6,1742.6,1519.8,26.1,1805.3,Male
Dominik Koepfer,27.7,1725.9,1583.7,1666.6,1555,1654.8,1696.2,1640.5,26.4,1788.4,Male
Vasek Pospisil,31.4,1725.3,1681,1279.1,1468.1,1703.1,1502.2,1596.7,30.4,1885.4,Male
Henri Laaksonen,29.8,1723.9,1594.7,1652.5,1234.5,1659.3,1688.2,1479.2,29.6,1792.2,Male
Thanasi Kokkinakis,25.7,1722.7,1670.4,1661.2,1373.6,1696.6,1692,1548.2,19.2,1867.6,Male
Albert Ramos,33.8,1722.3,1567.6,1706.3,1341.3,1644.9,1714.3,1531.8,29.3,1872.7,Male
Federico Delbonis,31.2,1721.5,1419.4,1772.2,1176.1,1570.4,1746.8,1448.8,26.8,1863.1,Male
Mats Moraing,29.4,1716.6,1542.8,1635.7,1344.6,1629.7,1676.1,1530.6,29.4,1716.6,Male
Jack Sock,29.1,1712.8,1634.7,1691.1,1512.4,1673.7,1701.9,1612.6,24.4,2037.1,Male
Tomas Machac,21.2,1712.7,1669,1550.6,1418.5,1690.9,1631.7,1565.6,20.4,1773.9,Male
Gianluca Mager,27.1,1711.3,1548.6,1652.1,1382.1,1630,1681.7,1546.7,26.5,1728.9,Male
Stefano Travaglia,30,1707.5,1584.4,1689.5,1426.5,1645.9,1698.5,1567,29.1,1797.8,Male
Arthur Rinderknech,26.5,1706.8,1557.3,1720.7,1567.3,1632.1,1713.8,1637.1,26,1822.7,Male
Adrian Mannarino,33.5,1706.2,1672.1,1441,1665.3,1689.1,1573.6,1685.7,29.5,1884.4,Male
Juan Manuel Cerundolo,20.1,1703.2,1229.3,1707.5,1349.8,1466.2,1705.4,1526.5,19.9,1783,Male
Alexei Popyrin,22.4,1700.7,1621.5,1607.6,1474.6,1661.1,1654.1,1587.6,21.7,1809.5,Male
Roberto Carballes Baena,28.8,1697.7,1523.8,1650.5,1377.5,1610.7,1674.1,1537.6,26.2,1749.7,Male
Benjamin Bonzi,25.6,1696.2,1609.7,1460,1671.3,1653,1578.1,1683.8,25.3,1808.5,Male
Facundo Bagnis,31.8,1695.7,1408,1678.2,1185.5,1551.8,1687,1440.6,31.3,1718.9,Male
Marco Cecchinato,29,1694.1,1356.2,1678.1,1336.1,1525.1,1686.1,1515.1,25.8,1829,Male
Pablo Andujar,35.8,1693.7,1491.4,1672.9,1302.6,1592.6,1683.3,1498.1,33.7,1796.1,Male
Egor Gerasimov,29.1,1692.2,1647.8,1371.3,1303.6,1670,1531.7,1497.9,27.3,1791,Male
Thiago Monteiro,27.6,1691.2,1523.3,1654.8,1430.8,1607.2,1673,1561,21.9,1725.8,Male
Dusan Lajovic,31.5,1688.6,1593.3,1665.5,1354.3,1640.9,1677.1,1521.5,28.3,1845.1,Male
Feliciano Lopez,40.2,1685.1,1598.6,1601.3,1701.3,1641.8,1643.2,1693.2,33,1943.4,Male
Steve Johnson,32,1683.5,1613.3,1622.5,1585.3,1648.4,1653,1634.4,27.4,1932.3,Male
Jordan Thompson,27.7,1683.1,1591.5,1513.1,1590,1637.3,1598.1,1636.5,25.1,1792.8,Male
Pierre Hugues Herbert,30.6,1680.3,1599.9,1611.6,1530,1640.1,1645.9,1605.1,27.9,1845,Male
Andreas Seppi,37.9,1680.2,1614.2,1534.2,1573.8,1647.2,1607.2,1627,28.9,1904.9,Male
Pablo Cuevas,35.9,1675.6,1569.2,1667.2,1440.8,1622.4,1671.4,1558.2,30.5,1909.3,Male
Peter Gojowczyk,32.5,1674,1605.2,1438.5,1547.3,1639.6,1556.2,1610.6,28.6,1830.3,Male
Stefan Kozlov,23.9,1673.1,1637,1349.6,1469.1,1655,1511.3,1571.1,23.8,1690.2,Male
Lorenzo Musetti,19.8,1672.4,1498.1,1717.2,1353.8,1585.2,1694.8,1513.1,19.2,1861.3,Male
Federico Coria,29.7,1671.5,1339.1,1709.3,1256.6,1505.3,1690.4,1464.1,29.3,1741.1,Male
Christopher Oconnell,27.6,1671.5,1565.9,1520.7,1518.7,1618.7,1596.1,1595.1,27.4,1735.7,Male
Jiri Lehecka,20.2,1671.1,1614.2,1562.2,1500,1642.6,1616.7,1585.5,19.7,1734.5,Male
Juan Pablo Varillas,26.2,1668.9,1192.1,1657.5,1343.8,1430.5,1663.2,1506.3,26.1,1714.3,Male
J J Wolf,23,1666.7,1596.5,1188.9,-,1631.6,1427.8,1533.4,21.7,1812.8,Male
Bernabe Zapata Miralles,25,1666.6,1473.4,1691.8,1476.1,1570,1679.2,1571.3,24.6,1758.8,Male
Denis Kudla,29.4,1666.1,1553.9,1423.7,1658.5,1610,1544.9,1662.3,22.9,1772.4,Male
Christopher Eubanks,25.5,1664.2,1609.1,1295.8,1329.5,1636.7,1480,1496.8,25.5,1664.2,Male
Lucas Pouille,27.9,1663.8,1598.2,1628.8,1559.6,1631,1646.3,1611.7,23.3,1977.2,Male
Francisco Cerundolo,23.4,1662.8,1467.2,1637.1,1434.7,1565,1650,1548.8,22.5,1835.8,Male
Jaume Munar,24.7,1662.8,1499.4,1633.3,1219.5,1581.1,1648.1,1441.1,24,1800.3,Male
Jiri Vesely,28.5,1662.1,1621.8,1542.1,1626.8,1641.9,1602.1,1644.5,21,1892.3,Male
Benoit Paire,32.5,1661.3,1595.5,1640.2,1529.9,1628.4,1650.8,1595.6,24.1,1904.2,Male
Miomir Kecmanovic,22.2,1659.5,1567.8,1620.4,1521,1613.7,1640,1590.3,19.9,1846.2,Male
Liam Broady,27.9,1659.3,1589,1474.5,1349.5,1624.2,1566.9,1504.4,27.7,1685.6,Male
Fernando Verdasco,38,1657.4,1595.5,1635.5,1568.4,1626.4,1646.5,1612.9,26.4,2096.6,Male
Franco Agamenone,28.7,1656,1441.6,1596.4,-,1548.8,1626.2,1528,28.5,1700.5,Male
Hugo Grenier,25.8,1653.8,1608.9,1315.1,-,1631.4,1484.4,1526.9,25.8,1653.8,Male
Tomas Martin Etcheverry,22.5,1653.6,1140,1648.7,1408.6,1396.8,1651.1,1531.1,22,1782.1,Male
Ernesto Escobedo,25.5,1649.3,1613.8,1377,1401.9,1631.6,1513.2,1525.6,20.8,1757.1,Male
Aleksandar Vukic,25.7,1648,1603.8,1438.6,1375.4,1625.9,1543.3,1511.7,25.6,1680.4,Male
Jesper De Jong,21.6,1647.3,1452.4,1584.5,-,1549.8,1615.9,1523.6,21.6,1671.6,Male
Hugo Dellien,28.5,1646.6,1362,1617.7,1352.9,1504.3,1632.2,1499.7,26,1716.8,Male
Alejandro Tabilo,24.6,1646,1541.8,1584.5,1350.3,1593.9,1615.3,1498.2,24.5,1669.8,Male
Carlos Taberner,24.3,1645.6,1362.7,1662.4,1406.3,1504.1,1654,1526,24.2,1721.1,Male
Bjorn Fratangelo,28.5,1644.9,1604.4,1537.8,1431.6,1624.6,1591.3,1538.3,23.9,1736.8,Male
Dennis Novak,28.2,1643.9,1598.4,1491.9,1571,1621.1,1567.9,1607.5,26.2,1749.8,Male
Norbert Gombos,31.4,1642,1538.5,1598.7,1395.6,1590.3,1620.4,1518.8,30.2,1737.8,Male
Nuno Borges,24.8,1636.5,1452.9,1565.7,-,1544.7,1601.1,1518.3,24.3,1707.1,Male
Nicolas Jarry,26.1,1635.9,1441.1,1644.3,1494,1538.5,1640.1,1564.9,23,1810.6,Male
Ivo Karlovic,42.6,1635.8,1578,1537.1,1566.3,1606.9,1586.5,1601,28.7,1958,Male
Gilles Simon,37,1633.8,1616.5,1523.1,1508.4,1625.2,1578.5,1571.1,24.1,2015.9,Male
Tennys Sandgren,30.3,1633.4,1526.1,1534.8,1526.7,1579.8,1584.1,1580.1,29.2,1779.1,Male
Taro Daniel,28.9,1629.5,1550.5,1566.9,1331.9,1590,1598.2,1480.7,22.4,1745.8,Male
Marco Trungelliti,31.9,1627,1434.5,1573.1,1373.9,1530.7,1600.1,1500.4,28.5,1670,Male
Viktor Troicki,35.4,1626.8,1520.2,1553.6,1615.2,1573.5,1590.2,1621,25.2,1990.2,Male
Mikhail Kukushkin,34,1622.2,1562.5,1517.7,1495.5,1592.3,1569.9,1558.8,22.8,1849.6,Male
Max Purcell,23.8,1619.5,1529,1334.4,1516.2,1574.3,1476.9,1567.9,23.3,1643.2,Male
Radu Albot,32.1,1618.9,1580.5,1508.8,1401.6,1599.7,1563.9,1510.3,29.5,1808.1,Male
Andrey Kuznetsov,30.7,1616.7,1535,1625.5,1494.5,1575.9,1621.1,1555.6,25.7,1877.5,Male
Yannick Hanfmann,29.9,1616.4,1415.8,1628,1411.6,1516.1,1622.2,1514,25.7,1763.9,Male
Cedrik Marcel Stebe,31.2,1611.1,1577.6,1543,1416.1,1594.3,1577.1,1513.6,26.9,1805.8,Male
Zsombor Piros,22.2,1610.8,1492.6,1439.4,-,1551.7,1525.1,1505.4,22.2,1648.7,Male
Salvatore Caruso,29.1,1603.8,1547.5,1543.1,1465.2,1575.6,1573.4,1534.5,26.7,1710.6,Male
Joao Sousa,32.8,1602.9,1578.1,1504.6,1477.9,1590.5,1553.8,1540.4,26.8,1844.7,Male
Elias Ymer,25.6,1601.8,1512,1565.7,1303.6,1556.9,1583.7,1452.7,19.2,1729.2,Male
Michael Mmoh,24,1601,1532.6,1420.5,1383.3,1566.8,1510.7,1492.1,19.1,1749.2,Male
Illya Marchenko,34.2,1600.5,1550.4,1331.6,1442.1,1575.4,1466,1521.3,22.4,1776.3,Male
Flavio Cobolli,19.7,1598.8,1388.2,1593,-,1493.5,1595.9,1499.4,19.4,1654.3,Male
Gregoire Barrere,27.6,1598.1,1557.8,1439.5,1546.9,1577.9,1518.8,1572.5,26,1792.2,Male
Damir Dzumhur,29.6,1597.6,1526.5,1528.3,1571.8,1562.1,1563,1584.7,25.8,1887.8,Male
Tomas Barrios Vera,23.9,1596.8,1285.6,1567.3,1504.3,1441.2,1582.1,1550.6,23.7,1671.1,Male
Maximilian Marterer,26.6,1593.5,1564,1471.7,1346.8,1578.8,1532.6,1470.2,23,1804.7,Male
Quentin Halys,25.2,1591.6,1545.6,1450.6,1375.2,1568.6,1521.1,1483.4,19.6,1681.1,Male
Altug Celikbilek,25.3,1588.1,1512,1279.8,1502,1550,1433.9,1545,24.9,1696.1,Male
Jozef Kovalik,29.2,1582.1,1390.7,1572.9,1302.9,1486.4,1577.5,1442.5,25.7,1706.8,Male
Jason Kubler,28.5,1581.8,1516.8,1326.9,1477.4,1549.3,1454.3,1529.6,25.3,1695.1,Male
Zhizhen Zhang,25.2,1581.4,1404.2,1509.1,1522.2,1492.8,1545.3,1551.8,23.2,1623.5,Male
Vit Kopriva,24.6,1580.5,1420.6,1505.9,-,1500.5,1543.2,1490.2,24.1,1664.2,Male
Mitchell Krueger,28,1577.5,1527.7,1218,1312.5,1552.6,1397.8,1445,27.7,1618.6,Male
Santiago Fa Rodriguez Taverna,22.5,1575.9,1185.8,1576.2,-,1380.9,1576.1,1488,22.5,1575.9,Male
Leonardo Mayer,34.1,1575.9,1583.4,1545.7,1422,1579.6,1560.8,1499,28.2,1873.5,Male
Sebastian Ofner,25.3,1574.5,1505.7,1418.3,1559.9,1540.1,1496.4,1567.2,21.3,1699.6,Male
Matthew Ebden,34.1,1573.8,1509.2,1297.3,1564.3,1541.5,1435.5,1569.1,30.9,1778.4,Male
Mario Vilella Martinez,26.3,1571.7,1446,1550,1307,1508.9,1560.9,1439.4,26,1673.8,Male
Yosuke Watanuki,23.7,1571.5,1508.9,1312.7,1435.4,1540.2,1442.1,1503.5,20.5,1657.2,Male
Yuichi Sugita,32.9,1571.3,1509.5,1332,1524.9,1540.4,1451.6,1548.1,28.9,1788.9,Male
Borna Gojo,23.8,1571.2,1542.3,1360.1,1279.8,1556.7,1465.6,1425.5,22.6,1605.2,Male
Enzo Couacaud,26.8,1567.3,1566.4,1348.8,1438.1,1566.9,1458.1,1502.7,25,1622.3,Male
Gerald Melzer,31.4,1566.7,1412.5,1548,1447.4,1489.6,1557.4,1507,27.6,1707.5,Male
Mathias Bourgue,28,1566.7,1512,1456.9,1367.2,1539.3,1511.8,1466.9,27.2,1656.7,Male
Matthias Bachinger,34.8,1566.5,1514.2,1441.1,1453.4,1540.4,1503.8,1510,24.3,1704.1,Male
Marc Andrea Huesler,25.5,1566.1,1480.2,1548.7,1324.2,1523.1,1557.4,1445.2,24.4,1717.5,Male
Bernard Tomic,28.9,1566,1533.7,1452.1,1543.6,1549.9,1509.1,1554.8,23.2,1945,Male
Roman Safiullin,24.4,1565.7,1522.3,1333.4,1411,1544,1449.6,1488.3,22.6,1652.7,Male
Robin Haase,34.7,1563.5,1537.2,1498.7,1536.6,1550.4,1531.1,1550.1,24.4,1858.2,Male
Dimitar Kuzmanov,28.4,1563.4,1375.4,1559.7,1450.4,1469.4,1561.6,1506.9,28.2,1613.2,Male
Lukas Klein,23.5,1563,1320.4,1496,1508.2,1441.7,1529.5,1535.6,23.4,1608.4,Male
Martin Klizan,32,1561.8,1499.7,1562.7,1306.8,1530.8,1562.3,1434.3,25.8,1892.2,Male
Alexandre Muller,24.9,1561.4,1495.4,1481.4,1291.8,1528.4,1521.4,1426.6,24,1616.7,Male
Lukas Lacko,34,1561.1,1492.9,1278.6,1506.5,1527,1419.9,1533.8,24.3,1793.1,Male
Daniel Elahi Galan,25.5,1559.4,1444.1,1537.6,1376,1501.8,1548.5,1467.7,25,1693.4,Male
Alessandro Giannessi,31.5,1559.1,1248.9,1572.8,1279,1404,1566,1419.1,21.3,1728.7,Male
Evgeny Donskoy,31.5,1558.3,1510,1383.9,1428.6,1534.2,1471.1,1493.5,25.5,1721.6,Male
Alex Bolt,29,1556.8,1529.8,1128.3,1559,1543.3,1342.5,1557.9,26.2,1668.7,Male
Nicolas Kicker,29.4,1556.7,1425.2,1531.7,1297.8,1491,1544.2,1427.2,25.7,1689.8,Male
Blaz Kavcic,34.3,1556.7,1443.1,1509.1,1360.7,1499.9,1532.9,1458.7,22.3,1763.1,Male
Juan Ignacio Londero,28.3,1555.5,1355.3,1552.2,1292.9,1455.4,1553.9,1424.2,26,1764.4,Male
Daniel Masur,27.6,1555.4,1510.5,1339.7,1437.8,1532.9,1447.6,1496.6,26.8,1605.9,Male
Camilo Ugo Carabelli,22.5,1555.3,1321.7,1533.9,-,1438.5,1544.6,1477.6,22.3,1616.3,Male
Chun Hsin Tseng,20.3,1554.8,1334.1,1562.4,1426.6,1444.4,1558.6,1490.7,16.5,1561,Male
Constant Lestienne,29.5,1553.3,1539.6,1403.4,1284.2,1546.5,1478.3,1418.8,26.4,1637.9,Male
Dmitry Popko,25.2,1552.4,1406.7,1573.5,1287.8,1479.6,1562.9,1420.1,23.2,1617.6,Male
Frederico Ferreira Silva,26.8,1551.1,1479.7,1441.6,1472.2,1515.4,1496.4,1511.7,26.1,1637.1,Male
Giulio Zeppieri,19.8,1549.5,1222.4,1503.7,-,1386,1526.6,1474.8,19.7,1605.6,Male
Pavel Kotov,23,1548.7,1488.3,1374.1,-,1518.5,1461.4,1474.4,20.2,1632.8,Male
Harold Mayot,19.9,1547.1,1477.2,1294.1,-,1512.2,1420.6,1473.6,18.6,1567.3,Male
Zdenek Kolar,25.2,1546.5,1369.7,1532.9,1369.6,1458.1,1539.7,1458.1,24.9,1599.3,Male
Cem Ilkel,26.4,1546.4,1516.3,1345.3,1273.4,1531.3,1445.9,1409.9,26.2,1604.9,Male
Andrea Vavassori,26.7,1545.2,1411.1,1498.4,-,1478.2,1521.8,1472.6,26.6,1598.7,Male
Ramkumar Ramanathan,27.2,1543.3,1487.2,1355.7,1521,1515.3,1449.5,1532.2,23.4,1605.9,Male
Vitaliy Sachko,24.5,1541.5,1483.6,1461.8,-,1512.6,1501.7,1470.8,24,1620.6,Male
Felipe Meligeni Alves,23.8,1541.4,1239.5,1513.8,1339,1390.5,1527.6,1440.2,23.2,1670.3,Male
Jurij Rodionov,22.6,1539.1,1496.8,1346.3,1362.4,1518,1442.7,1450.8,19.2,1691.9,Male
Gastao Elias,31.1,1538.4,1428.5,1479,1262.2,1483.5,1508.7,1400.3,25.7,1723.9,Male
Pedro Sousa,33.3,1536,1187.5,1531.2,1396.3,1361.8,1533.6,1466.1,29.3,1698.7,Male
Facundo Mena,29.3,1535.5,1254.4,1495.3,-,1395,1515.4,1467.8,27,1603,Male
Nikola Milojevic,26.5,1534.6,1374.2,1522,1404.5,1454.4,1528.3,1469.6,25.9,1629,Male
Gian Marco Moroni,23.9,1533.1,1336.5,1519.3,-,1434.8,1526.2,1466.6,20.3,1668.1,Male
Ryan Peniston,26.1,1532.9,1432.3,1458,1271.8,1482.6,1495.5,1402.4,26.1,1614.8,Male
Luca Nardi,18.4,1532.4,1493.4,1264.9,-,1512.9,1398.7,1466.2,18.4,1532.4,Male
Marius Copil,31.1,1531.3,1504,1391.5,1557.9,1517.7,1461.4,1544.6,28,1756.9,Male
Timofey Skatov,21,1530.7,1351.4,1480.8,-,1441,1505.8,1465.3,20.5,1600.3,Male
Kacper Zuk,22.8,1528.2,1479.9,1467.4,1449.3,1504,1497.8,1488.7,22.3,1744.7,Male
Andrej Martin,32.2,1526.2,1278.8,1484.4,1171.7,1402.5,1505.3,1348.9,24.9,1665.5,Male
Emilio Gomez,30,1525.5,1508,1352.2,1189.6,1516.7,1438.8,1357.6,27.4,1595.4,Male
Dustin Brown,36.5,1523.8,1402.7,1547,1538.6,1463.3,1535.4,1531.2,32.2,1779.2,Male
Mischa Zverev,34.1,1519.9,1511.3,1415.9,1568.5,1515.6,1467.9,1544.2,29.4,1861.8,Male
Nino Serdarusic,25.1,1518.9,1379.5,1453.6,1349.4,1449.2,1486.2,1434.1,24.7,1549.6,Male
Nicola Kuhn,21.8,1518.2,1361.1,1493.3,1443.5,1439.6,1505.8,1480.8,17.4,1600.8,Male
Dominic Stricker,19.4,1517.4,1456,1298.7,1471.9,1486.7,1408,1494.6,18.8,1791.8,Male
Sergiy Stakhovsky,35.9,1515.2,1446.9,1457.2,1523,1481.1,1486.2,1519.1,24.7,1844.4,Male
Brayden Schnur,26.5,1515.1,1435.4,1400.6,1435.8,1475.3,1457.8,1475.5,23.6,1705.7,Male
Antoine Hoang,26,1514.3,1423.7,1416.7,1601.7,1469,1465.5,1558,23.3,1715.6,Male
Ruben Bemelmans,34,1513.7,1451.8,1380.4,1532.6,1482.7,1447.1,1523.2,24.7,1707.9,Male
Federico Gaio,29.8,1511.9,1440.7,1456.1,1387.5,1476.3,1484,1449.7,27.4,1603.5,Male
Geoffrey Blancaneaux,23.4,1503.9,1398.9,1444.7,1346,1451.4,1474.3,1425,23.4,1503.9,Male
Sumit Nagal,24.1,1503.7,1378.7,1448.6,1346.9,1441.2,1476.1,1425.3,22.1,1717.1,Male
Filip Horansky,29,1501.5,1343.2,1514.1,1213,1422.3,1507.8,1357.2,28,1586.5,Male
Jason Jung,32.6,1501.3,1427.1,1337.5,1467.5,1464.2,1419.4,1484.4,28.7,1652.2,Male
Ernests Gulbis,33.3,1499.9,1472.4,1442.2,1479,1486.1,1471,1489.5,25.7,2048.2,Male
Zizou Bergs,22.6,1497.3,1433.1,1481,-,1465.2,1489.1,1448.6,22.1,1722,Male
Thai Son Kwiatkowski,26.8,1496.9,1434,1437.3,1224.2,1465.5,1467.1,1360.5,25,1634.4,Male
Blaz Rola,31.2,1494.6,1420.7,1471.7,1397.5,1457.6,1483.1,1446,23.4,1729.7,Male
Duje Ajdukovic,20.8,1494.1,1274.8,1451.3,-,1384.5,1472.7,1447.1,20,1597.5,Male
Christian Harrison,27.6,1490.1,1413.5,1448.3,1506.4,1451.8,1469.2,1498.3,24.1,1595.1,Male
Matheus Pucinelli De Almeida,20.7,1488.8,-,1459,-,1354.4,1473.9,1444.4,20.5,1608.4,Male
Andrea Pellegrino,24.7,1486.9,1212.2,1463.2,1374.9,1349.5,1475.1,1430.9,24.2,1551.1,Male
Thomas Fabbiano,32.6,1486.3,1413.7,1419.5,1528,1450,1452.9,1507.1,28.1,1694.7,Male
Gonzalo Lama,28.7,1482.9,1147.1,1469,-,1315,1475.9,1441.4,23,1595.1,Male
Tommy Robredo,39.4,1482.3,1519.8,1436.3,1486.7,1501.1,1459.3,1484.5,27.1,1987.5,Male
Lukas Rosol,36.4,1482.2,1457.9,1444.5,1474.4,1470.1,1463.4,1478.3,29.1,1880.6,Male
Darian King,29.5,1479.5,1451,1311.5,1369.6,1465.3,1395.5,1424.6,24.9,1703.5,Male
Thiago Agustin Tirante,20.6,1478.7,1375.4,1437.8,-,1427.1,1458.3,1439.4,20.4,1663.5,Male
Jack Draper,19.9,1478.1,1394.6,1207.7,1363.3,1436.4,1342.9,1420.7,19.9,1538.4,Male
Eduard Esteve Lobato,27.2,1477.5,-,1430,-,1348.7,1453.7,1438.7,27.2,1514.1,Male
Yasutaka Uchiyama,29.4,1476.8,1419.3,1216.9,1382.5,1448,1346.8,1429.7,27.2,1723.9,Male
Go Soeda,37.3,1476.8,1418.1,1299.5,1493.8,1447.4,1388.1,1485.3,27.6,1706.8,Male
Tim Van Rijthoven,24.7,1475.5,1462,1176.5,-,1468.8,1326,1437.8,24.3,1532.5,Male
Kimmer Coppejans,27.9,1475.1,1402.1,1425.4,1169,1438.6,1450.2,1322,21.2,1686.6,Male
Michael Vrbensky,22,1474.1,1306.7,1416,-,1390.4,1445,1437,21.5,1564.7,Male
Tobias Kamke,35.6,1473.3,1427.9,1363.1,1429.2,1450.6,1418.2,1451.2,25.7,1755,Male
Denis Istomin,35.2,1472.1,1414.4,1457.6,1433.6,1443.3,1464.9,1452.9,25.5,1849.3,Male
Aleksandar Kovacevic,23.2,1472,1403.2,-,-,1437.6,1346,1436,23.2,1569.3,Male
Tung Lin Wu,23.6,1471.3,1441.1,1317.7,-,1456.2,1394.5,1435.7,21,1583.2,Male
Andrea Arnaboldi,33.9,1470.3,1413.2,1388.6,1501.6,1441.8,1429.4,1485.9,27.6,1593.7,Male
Nerman Fatic,27.2,1470.2,1355.5,1479.2,1500,1412.8,1474.7,1485.1,26.7,1572.8,Male
Carlos Gimeno Valero,20.5,1469.2,1286.5,1410,-,1377.9,1439.6,1434.6,19.7,1625.2,Male
Guido Andreozzi,30.4,1468.3,1420.4,1458.1,1231.6,1444.3,1463.2,1350,26.8,1734,Male
Dalibor Svrcina,19.2,1462.7,1306,1409.9,-,1384.3,1436.3,1431.4,18.9,1597.1,Male
Raul Brancaccio,24.6,1461.7,1319.6,1438.6,-,1390.6,1450.2,1430.8,24.6,1497.3,Male
Thiago Seyboth Wild,21.8,1460.4,1358,1419.6,1348.9,1409.2,1440,1404.7,20.5,1729.7,Male
Mirza Basic,30.5,1460,1394.5,1411.9,1267.9,1427.2,1436,1364,26.6,1710.6,Male
Alexander Ritschard,27.8,1458.1,1240.9,1540.8,-,1349.5,1499.4,1429,27.5,1574.5,Male
Julian Lenz,28.9,1456,1390.1,1367.7,1349.8,1423,1411.8,1402.9,26.5,1557.7,Male
Noah Rubin,25.9,1455.6,1424.9,1405.4,1365.6,1440.3,1430.5,1410.6,22.4,1709.2,Male
Manuel Guinard,26.1,1451.4,1325.6,1399.7,-,1388.5,1425.5,1425.7,23.6,1552.4,Male
Prajnesh Gunneswaran,32,1449.4,1430.8,1290.2,1279.2,1440.1,1369.8,1364.3,29.4,1728.3,Male
Emilio Nava,20,1446.5,1432.5,1358.9,1500,1439.5,1402.7,1473.3,17.3,1536.8,Male
Juan Pablo Ficovich,24.9,1443.8,1279.6,1462.1,1373.7,1361.7,1452.9,1408.8,23.7,1582.3,Male
John Patrick Smith,32.1,1440.1,1374.9,1123.2,1455.3,1407.5,1281.7,1447.7,25.8,1666.4,Male
Kyrian Jacquet,20.5,1439.6,1302,1470.6,-,1370.8,1455.1,1419.8,20.2,1601.8,Male
Paolo Lorenzi,39.7,1439.4,1450.2,1423,1217.9,1444.8,1431.2,1328.7,35.1,1784.6,Male
Joao Menezes,24.7,1438.8,1368.2,1405.8,1339,1403.5,1422.3,1388.9,22.7,1636.8,Male
Andrea Collarini,29.8,1437.1,1124,1394.8,1319.6,1280.6,1415.9,1378.4,27.6,1557.7,Male
Evgenii Tiurnev,24.7,1435.9,1376.4,1321.7,-,1406.1,1378.8,1417.9,23.9,1448.9,Male
Tristan Lamasine,28.6,1435.8,1400.1,1354.8,1475.8,1417.9,1395.3,1455.8,22.5,1624.6,Male
Nicolas Alvarez Varona,20.6,1435.2,1257.7,1370.1,-,1346.5,1402.7,1417.6,20.6,1479.8,Male
Donald Young,32.3,1434,1378.5,1403.6,1454,1406.2,1418.8,1444,27.7,1837,Male
Genaro Alberto Olivieri,23.4,1432.4,1388.2,1388.9,-,1410.3,1410.7,1416.2,23.1,1526,Male
Tatsuma Ito,33.5,1432,1395.1,1172.6,1411.8,1413.5,1302.3,1421.9,24,1729,Male
Renzo Olivo,29.8,1428.6,1303.4,1398.8,1253.3,1366,1413.7,1340.9,22.9,1651.7,Male
Riccardo Bonadio,28.4,1428.2,1229,1371.5,-,1328.6,1399.9,1414.1,27.6,1564.6,Male
Matija Pecotic,32.2,1428.2,1369.2,1373.5,1372.3,1398.7,1400.8,1400.2,27.1,1602.8,Male
Zachary Svajda,19,1427.4,1362.7,1500,1500,1395.1,1463.7,1463.7,16.9,1491,Male
Lorenzo Giustino,30.3,1426.1,1367.4,1390.7,1229.2,1396.8,1408.4,1327.7,27.8,1628.9,Male
Alexis Galarneau,22.7,1426.1,1385.5,1301.9,-,1405.8,1364,1413,22.6,1507.1,Male
Jay Clarke,23.4,1422.8,1404.9,1287.3,1273,1413.8,1355.1,1347.9,20.7,1633.3,Male
Maxime Janvier,25.2,1422.3,1395.1,1336.3,1341.9,1408.7,1379.3,1382.1,22.8,1582.4,Male
Hernan Casanova,27.9,1420.4,1177.8,1407.7,-,1299.1,1414.1,1410.2,27.9,1439.6,Male
Akira Santillan,24.6,1420.1,1340.6,1323.1,1315.7,1380.3,1371.6,1367.9,20.3,1665.3,Male
Aidan Mchugh,21.5,1419.7,1389.9,-,1275,1404.8,1319.9,1347.4,21.3,1466.3,Male
Malek Jaziri,37.8,1418.6,1392.9,1414.2,1344.8,1405.7,1416.4,1381.7,33.2,1794.2,Male
Peter Polansky,33.4,1417,1377.4,1267.7,1354.3,1397.2,1342.3,1385.6,21.2,1643.8,Male
Marc Polmans,24.7,1416.1,1315,1374.1,1433.3,1365.6,1395.1,1424.7,23.4,1602.5,Male
Ulises Blanch,23.6,1415.5,1369.4,1288.2,1380.3,1392.5,1351.8,1397.9,22.5,1590.8,Male
Luca Van Assche,17.5,1415,1360.5,1203.9,-,1387.8,1309.5,1407.5,17.5,1456.4,Male
Teymuraz Gabashvili,36.5,1412.9,1427.6,1333.8,1420.7,1420.3,1373.3,1416.8,23.9,1794,Male
Michael Geerts,27,1410.2,1372.6,1195,-,1391.4,1302.6,1405.1,26.6,1524.8,Male
Elliot Benchetrit,23.3,1409.8,1422.2,1322.3,-,1416,1366,1404.9,20.7,1598.4,Male
Steven Diez,30.7,1408.8,1357.8,1391.9,1285.6,1383.3,1400.3,1347.2,28.6,1602.1,Male
Sasi Kumar Mukund,25,1407.4,1356.1,1293.8,1283,1381.7,1350.6,1345.2,22.1,1459.3,Male
Roberto Marcora,32.2,1405.8,1357.6,1360.2,1261.4,1381.7,1383,1333.6,30.4,1634.7,Male
Aziz Dougaz,24.7,1404.7,1401.9,1306.2,1500,1403.3,1355.4,1452.3,22.9,1551.7,Male
Pedro Cachin,26.7,1402.7,1060.8,1403.6,1311.5,1231.8,1403.2,1357.1,20.4,1623.6,Male
Viktor Durasovic,24.8,1401.5,1376.3,1134.1,1404.5,1388.9,1267.8,1403,16.9,1465.5,Male
Mohamed Safwat,31.3,1400.3,1359.3,1372.2,1414.9,1379.8,1386.3,1407.6,29.4,1629.1,Male
Matteo Viola,34.5,1398.8,1373,1250.3,1360.3,1385.9,1324.5,1379.6,25.5,1645.2,Male
Evan Furness,23.4,1398.5,1318.3,1331.6,-,1358.4,1365,1399.2,22.8,1522.4,Male
Alexis Gautier,24.7,1397.4,-,1364.9,-,1308.7,1381.2,1398.7,24.5,1509.4,Male
Jonas Forejtek,20.7,1396.4,1408.9,1246,-,1402.7,1321.2,1398.2,20,1504.7,Male
Stefano Napolitano,26.7,1396,1330.2,1391.6,1420.1,1363.1,1393.8,1408,21.6,1617.3,Male
Govind Nanda,20.8,1395.1,1329,-,-,1362,1307.5,1397.5,20.8,1405.7,Male
Johan Nikles,24.7,1394.5,1216.5,1381.5,-,1305.5,1388,1397.3,24.5,1444.9,Male
Jelle Sels,26.3,1392.7,1360.7,1300.5,1357.1,1376.7,1346.6,1374.9,24.1,1511.7,Male
Denis Yevseyev,28.6,1392.5,1310.7,1221.2,-,1351.6,1306.8,1396.3,28.6,1416.1,Male
Evgeny Karlovskiy,27.3,1392.4,1356.7,1162.1,1375.6,1374.5,1277.2,1384,25.2,1554.5,Male
Gijs Brouwer,25.7,1391.7,1364.3,1098.1,-,1378,1244.9,1395.9,25.7,1422.4,Male
Agustin Velotti,29.1,1391.1,1337.8,1350.1,1366.3,1364.5,1370.6,1378.7,21.3,1577.6,Male
Lucas Miedler,25.5,1390.8,1382.4,1272.8,1339,1386.6,1331.8,1364.9,22.9,1499.7,Male
Javier Barranco Cosano,23.1,1390.1,1154.9,1345,-,1272.5,1367.6,1395.1,23.1,1458.4,Male
Adrian Menendez Maceiras,36.1,1388,1351.9,1345.7,1339.5,1370,1366.9,1363.8,29.4,1615.2,Male
Mikael Torpegaard,27.7,1387.4,1344.5,1392.8,1403.9,1366,1390.1,1395.7,22.4,1765.6,Male
Danilo Petrovic,29.8,1387.4,1332.5,1379.2,1250.1,1360,1383.3,1318.7,28,1592.2,Male
Arthur Cazaux,19.2,1381.5,1294.4,1274.9,-,1338,1328.2,1390.8,18.9,1407.7,Male
Miljan Zekic,33.4,1380.8,1278.6,1333,1426.4,1329.7,1356.9,1403.6,28.2,1606.9,Male
Yannick Maden,32.1,1380.5,1339.1,1388.4,1425.3,1359.8,1384.4,1402.9,29.4,1693,Male
Hiroki Moriya,31.2,1379.6,1317.6,1154.2,1344.9,1348.6,1266.9,1362.3,22.2,1568.9,Male
Facundo Diaz Acosta,21.1,1379.2,1066.2,1397.9,-,1222.7,1388.5,1389.6,21.1,1394.9,Male
Nicolas Alvarez,25.4,1375.8,1161.8,1362,-,1268.8,1368.9,1387.9,23.3,1409.6,Male
Kaichi Uchida,27.3,1374.5,1335.6,1172.8,1447.7,1355,1273.6,1411.1,24.6,1494.6,Male
Filip Cristian Jianu,20.2,1368.1,1305.5,1337.5,1439.1,1336.8,1352.8,1403.6,18,1617.3,Male
Igor Sijsling,34.1,1365,1305.8,1409,1529.2,1335.4,1387,1447.1,25.9,1814.3,Male
Uladzimir Ignatik,31.5,1363.8,1327,1291,1307.8,1345.4,1327.4,1335.8,20.7,1677.8,Male
Pedro Sakamoto,28.5,1362.5,1283.3,1311.4,-,1322.9,1337,1381.3,25.9,1478.7,Male
Goncalo Oliveira,26.9,1359.5,1252.8,1331.4,1352.2,1306.1,1345.4,1355.9,22.6,1434,Male
Alexander Shevchenko,20.9,1357.9,1289.8,1291,-,1323.8,1324.5,1379,20.6,1407.6,Male
Johannes Haerteis,25.7,1354.5,1349.7,1293.9,1362,1352.1,1324.2,1358.2,24.6,1546.4,Male
Carlos Gomez Herrera,31.5,1351.2,1233.4,1325.1,1372.5,1292.3,1338.1,1361.8,28,1538.1,Male
Ergi Kirkin,22.8,1350.6,1344.3,1224.4,1372.7,1347.4,1287.5,1361.7,22,1431.4,Male
Oleksii Krutykh,21.8,1349.3,1369.8,1249.4,-,1359.5,1299.4,1374.6,21.5,1470.3,Male
Aldin Setkic,34,1343.6,1322.8,1236.5,1183,1333.2,1290,1263.3,22.8,1598.7,Male
Pedja Krstin,27.3,1338.8,1259.7,1307.8,1296.6,1299.3,1323.3,1317.7,21.5,1552.6,Male
Roberto Quiroz,29.7,1336.5,1284.4,1311.7,1395.5,1310.5,1324.1,1366,25.1,1537,Male
Adrian Andreev,20.6,1334,1288,1275.7,-,1311,1304.9,1367,19.8,1437.9,Male
Filippo Baldi,26,1333.1,1328.1,1274.9,1244.6,1330.6,1304,1288.9,22.9,1692.1,Male
Joao Domingues,28.2,1331.6,1257.7,1303.7,1240.3,1294.6,1317.7,1286,25.6,1647,Male
Alejandro Gonzalez,32.8,1328.7,1328.1,1292.4,1300.6,1328.4,1310.6,1314.7,26.1,1699.2,Male
Alexey Vatutin,29.2,1326.8,1321.1,1274.3,1328.3,1324,1300.5,1327.6,25.4,1623.4,Male
Mats Rosenkranz,23.4,1326.1,1349.1,1156.5,-,1337.6,1241.3,1363,23.2,1373.5,Male
Nicolas Mejia,21.8,1325.9,1305.4,1215.9,-,1315.6,1270.9,1363,21.4,1523.8,Male
Georgii Kravchenko,21.4,1324.6,1287.5,1232.5,-,1306.1,1278.6,1362.3,21.3,1418.5,Male
Francesco Forti,22.4,1322.8,1198.3,1313.8,-,1260.6,1318.3,1361.4,20,1461.3,Male
Orlando Luz,23.8,1321.3,1062.1,1314.1,-,1191.7,1317.7,1360.6,23.5,1460.2,Male
Alex Rybakov,24.7,1320.8,1196,1285.2,1440.9,1258.4,1303,1380.9,24.6,1344.2,Male
Luciano Darderi,19.9,1319.2,1204.2,1307.9,-,1261.7,1313.6,1359.6,19.8,1421.6,Male
Jc Aragone,26.4,1318.3,1308.4,1032.5,1385.2,1313.4,1175.4,1351.8,23.2,1567.3,Male
Matteo Martineau,22.8,1315.4,1219.1,1290.3,-,1267.3,1302.9,1357.7,22.1,1379.6,Male
Tiago Cacao,23.8,1315.4,-,1270,-,1267.7,1292.7,1357.7,23.1,1460,Male
Nikolas Sanchez Izquierdo,22.7,1313.1,1162.3,1282.9,-,1237.7,1298,1356.6,22.2,1449.3,Male
Nick Hardt,21.2,1309.4,1176.3,1282.1,-,1242.9,1295.8,1354.7,21.2,1338.5,Male
Oriol Roca Batalla,28.6,1301.6,1247.1,1264.5,1352.2,1274.3,1283,1326.9,22.5,1474,Male
Rudolf Molleker,20.8,1294.4,1181.9,1279.6,1313.5,1238.1,1287,1304,18.6,1709.8,Male
Gonzalo Villanueva,27,1277.3,1147.2,1302.5,-,1212.2,1289.9,1338.6,26.3,1341.1,Male
Roberto Ortega Olmedo,30.6,1274.3,1257.2,1215.2,1367.6,1265.8,1244.8,1320.9,23.2,1491,Male
Jacopo Berrettini,22.9,1259.5,-,1236.1,-,1239.8,1247.8,1329.8,20.6,1396.7,Male
Lucas Catarina,25.4,1257.1,1244.6,1184.4,-,1250.9,1220.7,1328.6,24.6,1356.5,Male
Dayne Kelly,31.4,1246.4,1217.8,1194.8,1349.1,1232.1,1220.6,1297.7,19.8,1450.5,Male
Yu Hsiou Hsu,22.8,1244.5,1204.4,1197.1,-,1224.4,1220.8,1322.2,22.4,1339.3,Male
Roberto Cid,28.3,1236.8,1290.2,1143.1,1407.4,1263.5,1189.9,1322.1,24.8,1570.6,Male
Daniel Dutra Da Silva,33.5,1233.8,1089.8,1242.9,-,1161.8,1238.4,1316.9,20.2,1482.5,Male
Shintaro Mochizuki,18.5,1214.1,1163.4,1153.5,1408,1188.8,1183.8,1311.1,18.1,1341.6,Male
Nick Chappell,29.3,1174,1212.6,1078.1,1355.2,1193.3,1126,1264.6,28.4,1444.1,Male
Vladyslav Orlov,26.6,1135.1,1043.1,1227,-,1089.1,1181.1,1267.6,24.7,1233.4,Male
Alexander Erler,24.1,1087.3,1084.9,1083.5,-,1086.1,1085.4,1243.6,16.8,1202.3,Male
Ashleigh Barty,25.3,2132,1994.1,1929,1817.9,2063,2030.5,1975,25.3,2148.9,Female
Naomi Osaka,23.9,2038.9,1986.8,1661.1,1546.2,2012.9,1850,1792.5,23.4,2114.3,Female
Simona Halep,30.1,2033.4,1910.2,1934.6,1757.4,1971.8,1984,1895.4,26.9,2096.2,Female
Anett Kontaveit,25.9,2010.6,1934.3,1743.7,1571.7,1972.5,1877.2,1791.2,25.9,2010.6,Female
Aryna Sabalenka,23.5,1990.5,1880.7,1771.7,1677.6,1935.6,1881.1,1834.1,23,2053.4,Female
Garbine Muguruza,28.1,1988.4,1907.9,1833.5,1656.4,1948.1,1910.9,1822.4,23.9,2023,Female
Victoria Azarenka,32.2,1975.2,1882.9,1692.3,1581.5,1929.1,1833.8,1778.4,23.6,2191.3,Female
Karolina Pliskova,29.6,1962.4,1846.8,1815.5,1743.8,1904.6,1888.9,1853.1,27.3,2022.2,Female
Danielle Rose Collins,27.9,1960.1,1862.6,1727.2,1492.4,1911.4,1843.7,1726.3,27.9,1960.1,Female
Maria Sakkari,26.3,1958.4,1860.6,1757.6,1503.2,1909.5,1858,1730.8,26.3,1958.4,Female
Petra Kvitova,31.6,1957,1857.2,1841.7,1715.6,1907.1,1899.3,1836.3,22.5,2044.2,Female
Paula Badosa,24,1955.8,1789.7,1815.1,1494.9,1872.8,1885.5,1725.4,24,1956.8,Female
Ons Jabeur,27.1,1953.2,1826.6,1694.5,1734.9,1889.9,1823.9,1844.1,27.1,1974.8,Female
Iga Swiatek,20.4,1946.5,1781.4,1937.4,1588,1863.9,1941.9,1767.3,20,2014.4,Female
Elina Svitolina,27.1,1942,1858.6,1810.1,1526.2,1900.3,1876.1,1734.1,23.7,2036.8,Female
Angelique Kerber,33.8,1912.4,1790.5,1718.1,1811.8,1851.5,1815.3,1862.1,28.8,2055.4,Female
Belinda Bencic,24.7,1907.8,1839.2,1632.6,1679.3,1873.5,1770.2,1793.5,18.9,1991.3,Female
Cori Gauff,17.6,1907.7,1741.6,1810.1,1728.8,1824.6,1858.9,1818.3,17.2,1970.4,Female
Jennifer Brady,26.3,1907.5,1817,1584,1499,1862.3,1745.8,1703.3,25.8,1925,Female
Barbora Krejcikova,25.9,1905.5,1743.2,1800.2,1435.3,1824.3,1852.8,1670.4,25.8,1966,Female
Jessica Pegula,27.6,1902.9,1831.6,1515.4,1418.2,1867.3,1709.2,1660.6,27.6,1910.3,Female
Marketa Vondrousova,22.4,1895.1,1827.5,1702.4,1320.9,1861.3,1798.8,1608,19.9,1969.4,Female
Serena Williams,39.7,1895.1,1794,1559.6,1500.9,1844.5,1727.3,1698,33.9,2259.9,Female
Elena Rybakina,22.3,1894.5,1777.5,1681.6,1688.5,1836,1788,1791.5,20.7,1938.3,Female
Elise Mertens,26,1888.2,1819,1760.9,1532.2,1853.6,1824.6,1710.2,25.4,1984.4,Female
Jelena Ostapenko,24.3,1885.7,1747.1,1675.8,1749.3,1816.4,1780.8,1817.5,20.3,1921.9,Female
Emma Raducanu,19,1876.6,1816.6,1230,1478,1846.6,1553.3,1677.3,18.8,1963.6,Female
Kiki Bertens,29.6,1871.4,1784.2,1824.7,1563.3,1827.8,1848,1717.4,28.2,1984.2,Female
Clara Tauson,18.8,1868.2,1840,1567.9,1254.6,1854.1,1718,1561.4,18.8,1889,Female
Sofia Kenin,22.6,1868.1,1804.8,1635.1,1621.4,1836.4,1751.6,1744.7,21.2,1974.1,Female
Karolina Muchova,25,1862.7,1742.5,1624.9,1604.2,1802.6,1743.8,1733.4,24.5,1930.6,Female
Darya Kasatkina,24.5,1862,1780,1673.8,1624.8,1821,1767.9,1743.4,20.8,1955.5,Female
Leylah Annie Fernandez,19.1,1858.6,1808.7,1463.6,1415.5,1833.6,1661.1,1637,19.1,1877.1,Female
Anastasia Pavlyuchenkova,30.3,1856.8,1751.7,1735.5,1479.5,1804.2,1796.2,1668.2,19.9,1938.8,Female
Camila Giorgi,29.8,1853.2,1736.1,1624,1626.5,1794.7,1738.6,1739.9,29.6,1886.3,Female
Madison Keys,26.6,1843.8,1762.4,1715.6,1674,1803.1,1779.7,1758.9,21.5,1986.7,Female
Ludmilla Samsonova,23,1843.5,1748.4,1459.5,1740.4,1795.9,1651.5,1792,23,1843.5,Female
Veronika Kudermetova,24.5,1825.7,1712.9,1760.8,1536.4,1769.3,1793.2,1681,24.1,1907.7,Female
Yulia Putintseva,26.7,1819.6,1721.1,1686.2,1447.3,1770.3,1752.9,1633.5,26.1,1853,Female
Bianca Andreescu,21.3,1817.7,1774.5,1549.9,1409.5,1796.1,1683.8,1613.6,19.3,2030.4,Female
Johanna Konta,30.3,1813.8,1694.3,1600.9,1656.8,1754,1707.4,1735.3,25.9,1991.5,Female
Ekaterina Alexandrova,27,1813.2,1727.7,1575.3,1536.9,1770.4,1694.2,1675,25.2,1900.4,Female
Sara Sorribes Tormo,25.1,1806.1,1715.6,1641.8,1520.5,1760.9,1724,1663.3,24.9,1847,Female
Amanda Anisimova,20.1,1804.2,1726.8,1675.1,1422.4,1765.5,1739.7,1613.3,17.8,1864.9,Female
Katerina Siniakova,25.4,1800.4,1634.3,1698.2,1589.8,1717.4,1749.3,1695.1,20.6,1844.6,Female
Marta Kostyuk,19.3,1792,1668.7,1694.5,1470.7,1730.3,1743.3,1631.4,19.2,1815.3,Female
Carla Suarez Navarro,33.2,1785.2,1700.6,1732.8,1521.1,1742.9,1759,1653.1,26.7,1997,Female
Donna Vekic,25.3,1785.1,1697.9,1598.8,1568.8,1741.5,1692,1677,23.2,1886.3,Female
Jil Belen Teichmann,24.3,1784.1,1716.4,1628.5,1242.2,1750.2,1706.3,1513.2,24.2,1828.5,Female
Alison Van Uytvanck,27.7,1784,1716.2,1522.7,1595.1,1750.1,1653.4,1689.5,24.9,1801.6,Female
Shelby Rogers,29.1,1783.6,1715.7,1576.4,1506.4,1749.6,1680,1645,28.5,1815.5,Female
Ajla Tomljanovic,28.5,1783.4,1655.1,1621.2,1597.1,1719.2,1702.3,1690.2,26,1809.2,Female
Ann Li,21.3,1783.3,1732.6,1527.9,1179.4,1758,1655.6,1481.4,20.7,1811.7,Female
Vera Zvonareva,37.3,1782.5,1680.9,1579,1570.4,1731.7,1680.7,1676.4,24.5,2051.5,Female
Sloane Stephens,28.6,1781.7,1630.2,1750.4,1614.3,1705.9,1766,1698,24.4,1940.1,Female
Anastasija Sevastova,31.5,1776.8,1639.4,1700.5,1598.7,1708.1,1738.7,1687.8,28.5,1917.6,Female
Alison Riske,31.4,1772.7,1676.7,1436.3,1680,1724.7,1604.5,1726.3,29.5,1845.9,Female
Svetlana Kuznetsova,36,1771.7,1712.6,1614.9,1443,1742.2,1693.3,1607.4,22.3,2068.7,Female
Alize Cornet,31.8,1769.6,1670.8,1605.7,1507.8,1720.2,1687.7,1638.7,18.6,1854.9,Female
Venus Williams,41.2,1768.2,1701.6,1482.8,1561.2,1734.9,1625.5,1664.7,21.2,2272.3,Female
Tereza Martincova,27,1767.7,1676.8,1451.1,1535.4,1722.3,1609.4,1651.6,26.9,1777.4,Female
Sorana Cirstea,31.5,1767.4,1653.5,1642.4,1441.8,1710.4,1704.9,1604.6,23.4,1825,Female
Laura Siegemund,33.4,1764.4,1653,1680.1,1370.9,1708.7,1722.2,1567.6,29.2,1840.2,Female
Irina Camelia Begu,31.2,1764.1,1672.8,1650.1,1387,1718.5,1707.1,1575.5,25.7,1850.9,Female
Qiang Wang,29.5,1764,1678.6,1601.3,1421.3,1721.3,1682.6,1592.6,26.8,1896.9,Female
Kaia Kanepi,36.3,1762.8,1700.8,1625.3,1444.5,1731.8,1694,1603.6,28,1921.8,Female
Lesia Tsurenko,32.5,1758.8,1676.9,1577.2,1522.4,1717.9,1668,1640.6,29.6,1878.1,Female
Viktorija Golubic,29.1,1755.4,1640.4,1544.3,1595.5,1697.9,1649.9,1675.5,28.7,1786,Female
Elena Vesnina,35,1755.3,1668.9,1601.6,1630.2,1712.1,1678.4,1692.7,27,1856.1,Female
Ana Konjuh,23.8,1754.2,1636.6,1658.1,1616.5,1695.4,1706.2,1685.4,19.5,1827.6,Female
Petra Martic,30.8,1754.2,1627.3,1718.6,1556.2,1690.7,1736.4,1655.2,28.7,1908,Female
Dayana Yastremska,21.5,1753.5,1642.7,1708,1551.1,1698.1,1730.8,1652.3,18.7,1902.8,Female
Tsvetana Pironkova,34,1750.4,1658.8,1516.5,1576.4,1704.6,1633.5,1663.4,28.8,1781.8,Female
Magda Linette,29.6,1747.9,1677.8,1472.1,1455.1,1712.9,1610,1601.5,28.5,1776.3,Female
Aliaksandra Sasnovich,27.6,1745,1679.8,1557,1401.2,1712.4,1651,1573.1,24.8,1870.9,Female
Caroline Garcia,28.2,1744.2,1651.2,1693.1,1560.8,1697.7,1718.7,1652.5,24.6,1962.4,Female
Maria Camila Osorio Serrano,19.8,1742.7,1536.8,1653.1,1637,1639.8,1697.9,1689.9,19.8,1758.1,Female
Jasmine Paolini,25.8,1741.8,1624.9,1620.7,1199.8,1683.4,1681.2,1470.8,25.8,1745.2,Female
Su Wei Hsieh,35.8,1741.2,1681.6,1523.8,1552.3,1711.4,1632.5,1646.8,33.3,1835.4,Female
Anna Kalinskaya,22.9,1739.5,1682.2,1472.2,1484.7,1710.8,1605.8,1612.1,22.9,1748.5,Female
Rebecca Peterson,26.3,1737.2,1673.9,1585.3,1419.2,1705.5,1661.2,1578.2,24.2,1839.8,Female
Tamara Zidansek,23.8,1735.8,1493.9,1770.1,1381.1,1614.9,1752.9,1558.4,21.5,1786.9,Female
Elena Gabriela Ruse,24,1727,1612.4,1596.7,1601,1669.7,1661.8,1664,23.9,1742.7,Female
Nadia Podoroska,24.6,1726.9,1561,1660.9,1406.7,1643.9,1693.9,1566.8,24,1789.8,Female
Anhelina Kalinina,24.8,1723.7,1581.2,1669.2,1272.6,1652.4,1696.4,1498.2,24.7,1748,Female
Zarina Diyas,28,1718.8,1675.9,1522.6,1498.2,1697.3,1620.7,1608.5,26.3,1779.5,Female
Saisai Zheng,27.8,1718.4,1631.5,1549.1,1379.3,1674.9,1633.8,1548.9,26.1,1786.5,Female
Shuai Zhang,32.9,1717.3,1631,1538.2,1533.1,1674.1,1627.7,1625.2,28.9,1805.2,Female
Daria Gavrilova,27.7,1716.2,1672.9,1589.6,1398.8,1694.5,1652.9,1557.5,23.1,1902.3,Female
Andrea Petkovic,34.1,1716.1,1630.2,1632.1,1430.3,1673.2,1674.1,1573.2,24.3,1958.7,Female
Fiona Ferro,24.7,1706,1552,1693.7,1340.4,1629,1699.8,1523.2,24,1780.6,Female
Kristina Mladenovic,28.6,1703.4,1613.7,1660.3,1540.2,1658.5,1681.8,1621.8,24,1895.7,Female
Anastasia Potapova,20.6,1702.6,1624.1,1572.7,1498.5,1663.3,1637.7,1600.6,19.9,1760.8,Female
Katie Boulter,25.2,1701.4,1564.7,1475,1549,1633,1588.2,1625.2,25.1,1767.2,Female
Kirsten Flipkens,35.8,1700.6,1614.9,1487.9,1595.7,1657.7,1594.2,1648.1,27.6,1840.1,Female
Anna Karolina Schmiedlova,27.1,1699.1,1564.6,1628.2,1275.7,1631.9,1663.7,1487.4,20.9,1853.4,Female
Arantxa Rus,30.9,1696.4,1571.9,1627.7,1381.6,1634.2,1662.1,1539,30.8,1711.4,Female
Xin Yu Wang,20.2,1696.1,1627.6,1366.1,1555.3,1661.8,1531.1,1625.7,20.1,1734.6,Female
Jaqueline Adina Cristian,23.4,1688.9,1623.4,1513,1174.1,1656.2,1601,1431.5,23.4,1700.7,Female
Magdalena Frech,23.9,1688.8,1586.1,1569.3,1418.9,1637.5,1629,1553.9,23.9,1696.9,Female
Marie Bouzkova,23.2,1686.5,1624.2,1374.9,1462.2,1655.4,1530.7,1574.4,22.6,1793.4,Female
Eugenie Bouchard,27,1683.7,1566.1,1690.7,1467.7,1624.9,1687.2,1575.7,20.3,1921.6,Female
Mihaela Buzarnescu,33.5,1682.5,1573.1,1604.8,1530.5,1627.8,1643.7,1606.5,30.3,1892.4,Female
Madison Brengle,31.6,1682.1,1627.7,1531.7,1454,1654.9,1606.9,1568,26,1776.3,Female
Margarita Gasparyan,26.7,1681.7,1644.7,1431.1,1535.2,1663.2,1556.4,1608.5,24.8,1799.9,Female
Monica Niculescu,34,1680.2,1565.2,1577.7,1550.6,1622.7,1628.9,1615.4,29.3,1800.8,Female
Lauren Davis,28,1676.8,1593.1,1566.6,1475.5,1634.9,1621.7,1576.1,23.4,1819.5,Female
Jule Niemeier,22.1,1676.7,1504.7,1587.3,1518.1,1590.7,1632,1597.4,21.9,1730.1,Female
Coco Vandeweghe,29.8,1671.5,1548.8,1582.5,1660,1610.2,1627,1665.8,25.9,1913.3,Female
Ana Bogdan,29,1670.9,1583.3,1564.2,1427.8,1627.1,1617.5,1549.3,25.7,1732.9,Female
Kateryna Kozlova,27.7,1670.6,1563.8,1610.7,1360.5,1617.2,1640.6,1515.5,21.7,1772.9,Female
Mayar Sherif,25.5,1669.8,1416.1,1673.5,1456.4,1542.9,1671.6,1563.1,25.4,1692.3,Female
Clara Burel,20.7,1663.8,1535.1,1595.5,1571,1599.4,1629.6,1617.4,20.3,1744.6,Female
Bernarda Pera,26.9,1663.6,1531.6,1638.5,1366,1597.6,1651.1,1514.8,25.2,1745.7,Female
Martina Trevisan,28,1657.1,1494.1,1619.2,1135.5,1575.6,1638.1,1396.3,27.9,1679.1,Female
Beatriz Haddad Maia,25.5,1656.4,1603.5,1571.5,1508.9,1630,1614,1582.7,21.3,1763.5,Female
Kristyna Pliskova,29.5,1654.1,1549.7,1569.3,1523.5,1601.9,1611.7,1588.8,26.2,1756.3,Female
Varvara Gracheva,21.4,1652.4,1564.1,1499.3,1339.5,1608.2,1575.8,1495.9,19.2,1727.9,Female
Polona Hercog,30.9,1652.2,1517.1,1649.4,1467.6,1584.6,1650.8,1559.9,20.7,1799,Female
Greetje Minnen,24.3,1650.5,1572.1,1449.9,1584.2,1611.3,1550.2,1617.3,22.5,1734.7,Female
Claire Liu,21.4,1650.2,1469,1578.5,1503.6,1559.6,1614.4,1576.9,21.2,1683.7,Female
Varvara Lepchenko,35.2,1650,1537.9,1584.4,1406.5,1593.9,1617.2,1528.2,28.7,1808.6,Female
Anna Bondar,24.5,1648.6,1473.2,1603.4,1331.8,1560.9,1626,1490.2,24.5,1670.5,Female
Bethanie Mattek Sands,36.5,1648.2,1559.1,1583,1532.2,1603.6,1615.6,1590.2,28.2,1814.4,Female
Lin Zhu,27.9,1648.1,1600.3,1050.2,1282.9,1624.2,1349.2,1465.5,25.1,1731.5,Female
Vitalia Diatchenko,31.4,1647.9,1573.2,1423.7,1525.1,1610.6,1535.8,1586.5,24.3,1763.2,Female
Nina Stojanovic,25.4,1647.8,1551.2,1539.6,1454.3,1599.5,1593.7,1551,23.2,1690.6,Female
Nuria Parrizas Diaz,30.3,1646.2,1498.8,1580.2,1486,1572.5,1613.2,1566.1,30.2,1694.6,Female
Aleksandra Krunic,28.7,1645.6,1537.2,1588.1,1550,1591.4,1616.8,1597.8,25.5,1756.6,Female
Misaki Doi,30.5,1643.6,1561.1,1503.4,1452.3,1602.3,1573.5,1547.9,25.2,1752,Female
Patricia Maria Tig,26.9,1643.3,1499.5,1607.8,1112.7,1571.4,1625.5,1378,26.2,1696.6,Female
Elisabetta Cocciaretto,20.5,1642.9,1612.3,1542.8,1500,1627.6,1592.9,1571.5,19.6,1767.2,Female
Samantha Stosur,37.4,1642.7,1523.3,1699.7,1479.5,1583,1671.2,1561.1,26.2,1992.8,Female
Oceane Dodin,25.1,1641.9,1595.8,1492.1,1452.9,1618.8,1567,1547.4,20.1,1729.3,Female
Maryna Zanevska,28.2,1641.1,1555.2,1591.9,1230.3,1598.2,1616.5,1435.7,23.2,1690,Female
Heather Watson,29.4,1639.8,1574.2,1477.4,1475.3,1607,1558.6,1557.6,22.7,1845.9,Female
Sara Errani,34.4,1634.4,1571.3,1592.9,1317.9,1602.9,1613.6,1476.1,26.1,1969.3,Female
Storm Sanders,27.2,1632.6,1540.3,1537.3,1403.3,1586.4,1584.9,1517.9,26.9,1646.9,Female
Kaja Juvan,20.9,1630.9,1559.4,1483.3,1633,1595.2,1557.1,1631.9,19.7,1720.3,Female
Harriet Dart,25.3,1630.2,1561.6,1460.9,1398.9,1595.9,1545.6,1514.6,25.2,1663.3,Female
Alexandra Dulgheru,32.2,1629.8,1508.9,1573.6,1526.8,1569.4,1601.7,1578.3,21.1,1837.6,Female
Aliona Bolsova,24,1625.4,1568.1,1504.2,1221.1,1596.7,1564.8,1423.2,21.6,1670.4,Female
Qinwen Zheng,19.1,1623.3,1432.9,1609.4,-,1528.1,1616.4,1486.7,19,1674.4,Female
Harmony Tan,24.2,1622.3,1547.2,1431.8,1294.4,1584.8,1527,1458.4,23.8,1646.3,Female
Danka Kovinic,26.9,1620.4,1424.8,1634.9,1164.7,1522.6,1627.6,1392.5,20.5,1741.9,Female
Astra Sharma,26.1,1617.2,1516.2,1564.6,1278.4,1566.7,1590.9,1447.8,25.7,1646.3,Female
Xiyu Wang,20.6,1615.2,1529.6,1553,1438,1572.4,1584.1,1526.6,18.9,1722,Female
Olga Danilovic,20.8,1614.3,1535.6,1556.2,1232.7,1575,1585.3,1423.5,17,1773.7,Female
Kristina Kucova,31.5,1614,1527.4,1543.5,1212.9,1570.7,1578.7,1413.4,29.1,1661.7,Female
Anastasia Kulikova,21.8,1612.8,1586,1500,1500,1599.4,1556.4,1556.4,21.4,1659.7,Female
Yaroslava Shvedova,34,1610.6,1510,1549.7,1575.5,1560.3,1580.2,1593,25,1779.1,Female
Viktoria Kuzmova,23.5,1608.1,1580.6,1519.6,1307.8,1594.3,1563.9,1457.9,20.1,1805.4,Female
Caty Mcnally,19.9,1601,1528.7,1451.5,1506.6,1564.8,1526.2,1553.8,17.4,1810.7,Female
Christina Mchale,29.3,1600.7,1545.2,1507.9,1403.1,1573,1554.3,1501.9,20.2,1811.8,Female
Anna Blinkova,23.3,1598,1497.4,1554.5,1456.6,1547.7,1576.2,1527.3,21.3,1758.2,Female
Antonia Lottner,24.8,1597.2,1489.8,1477,1536.8,1543.5,1537.1,1567,22.9,1677.2,Female
Linda Noskova,16.8,1594,1230,1555.3,-,1412,1574.7,1472,16.8,1621.9,Female
Vera Lapko,23.1,1593.6,1543.3,1583,1315.9,1568.5,1588.3,1454.8,19.9,1764.6,Female
Dalma Galfi,23.2,1593.4,1495.9,1545.7,1245,1544.7,1569.6,1419.2,23.1,1616.1,Female
Rebecca Marino,30.9,1593,1516.6,1354.6,1367.5,1554.8,1473.8,1480.2,20.2,1758.9,Female
Danielle Lao,30.4,1591.1,1531.8,1114.1,1485,1561.4,1352.6,1538.1,27.6,1632.2,Female
Tereza Smitkova,26.9,1588.4,1514.9,1460.1,1449.3,1551.6,1524.3,1518.9,20,1754.5,Female
Diane Parry,19.2,1586.1,1119.7,1562.7,-,1352.9,1574.4,1468.1,19.2,1586.1,Female
Timea Babos,28.5,1585.1,1550.1,1438.3,1379.5,1567.6,1511.7,1482.3,23.3,1797.2,Female
Rebeka Masarova,22.2,1582.6,1654.1,1377.6,1500,1618.3,1480.1,1541.3,16.9,1719.2,Female
Elina Avanesyan,19.2,1579.3,1230,1563.8,-,1404.6,1571.6,1464.6,18.9,1673.6,Female
Nastasja Mariana Schunk,18.1,1579.1,1500,1508.8,1500,1539.5,1543.9,1539.5,18.1,1622.8,Female
Francesca Jones,21,1573.8,1480.4,1544.1,1057.3,1527.1,1559,1315.6,20.4,1625.3,Female
Nao Hibino,26.9,1573,1510.1,1438.7,1312.3,1541.5,1505.8,1442.6,25.2,1663.1,Female
Ivana Jorovic,24.5,1572.5,1557.3,1456.2,1219.3,1564.9,1514.4,1395.9,21.9,1685.8,Female
Tatjana Maria,34.3,1568.4,1492.7,1421.7,1664.1,1530.5,1495.1,1616.2,19.6,1709.8,Female
Quirine Lemoine,29.5,1568.1,1394,1538.9,1214.3,1481.1,1553.5,1391.2,26.4,1609.1,Female
Anna Lena Friedsam,27.7,1567.8,1522,1503.4,1429.4,1544.9,1535.6,1498.6,22.3,1757.2,Female
Olga Govortsova,33.1,1564.8,1502,1464.3,1537.7,1533.4,1514.5,1551.2,27,1764.3,Female
Yafan Wang,27.2,1563.8,1552.6,1235.8,1433.1,1558.2,1399.8,1498.4,24.9,1755.2,Female
En Shuo Liang,21,1563.5,1512.7,1386.1,1368.3,1538.1,1474.8,1465.9,17.8,1588,Female
Priscilla Hon,23.4,1561.6,1501.2,1245.6,1393.1,1531.4,1403.6,1477.4,21.4,1625.6,Female
Stefanie Voegele,31.8,1561.5,1514.3,1484.2,1224.8,1537.9,1522.8,1393.1,23.8,1760.3,Female
Lucie Hradecka,35.9,1557.5,1480.6,1517.8,1234.2,1519.1,1537.7,1395.8,26,1821.1,Female
Sara Bejlek,15.6,1556.5,1230,1511.7,-,1393.3,1534.1,1453.3,15.6,1613.5,Female
Daria Snigur,19.7,1552.7,1525.8,1204.9,1290.7,1539.2,1378.8,1421.7,17.9,1591.7,Female
Anastasia Gasanova,22.5,1551.6,1505.3,1406.4,1238.2,1528.5,1479,1394.9,22,1620,Female
Ysaline Bonaventure,27.1,1550.4,1515.4,1386.8,1483.2,1532.9,1468.6,1516.8,24.7,1725,Female
Kateryna Bondarenko,35.3,1549.9,1541.6,1394.1,1504.6,1545.8,1472,1527.3,23.2,1841.9,Female
Sachia Vickery,26.5,1549.3,1515.1,1356.6,1366.7,1532.2,1452.9,1458,22.9,1702.2,Female
Panna Udvardy,23.2,1548.7,1008.7,1559.3,1398.7,1278.7,1554,1473.7,23.2,1548.7,Female
Cristina Bucsa,23.9,1546.4,1494.1,1381.2,1437.6,1520.3,1463.8,1492,21.7,1603.1,Female
Rebecca Sramkova,25,1545.3,1416.1,1507.3,1407.3,1480.7,1526.3,1476.3,19.6,1660.4,Female
Mandy Minella,36,1540.8,1483.4,1474.1,1339.8,1512.1,1507.5,1440.3,31.4,1646.8,Female
Robin Anderson,28.6,1538.7,1511.3,1207.5,1292.8,1525,1373.1,1415.7,26.5,1602.3,Female
Natalia Vikhlyantseva,24.8,1537.2,1461.8,1512.9,1431.2,1499.5,1525.1,1484.2,22,1736.6,Female
Lara Arruabarrena,29.5,1536.4,1446.4,1487.6,1423.7,1491.4,1512,1480,25.3,1728.4,Female
Katarina Zavatska,21.6,1535.7,1426.7,1512.8,1155.9,1481.2,1524.2,1345.8,19.8,1633.9,Female
Mona Barthel,31.3,1535.5,1513.9,1498.5,1335.2,1524.7,1517,1435.4,21.5,1873.3,Female
Kamilla Rakhimova,20.2,1535.2,1454.9,1492.8,1367.4,1495,1514,1451.3,19.7,1653.8,Female
Lesley Kerkhove,30.1,1531.3,1441.6,1285.3,1408.8,1486.4,1408.3,1470,29.8,1565.1,Female
Kurumi Nara,29.8,1530.5,1480.7,1471.1,1341,1505.6,1500.8,1435.8,23,1732.3,Female
Alexa Glatch,32.1,1528.8,1481.7,1421.8,1324.2,1505.2,1475.3,1426.5,21.9,1638.6,Female
Renata Zarazua,24,1528.6,1457.3,1472.8,1237.4,1492.9,1500.7,1383,23.1,1590.4,Female
Barbara Haas,25.4,1528.5,1402,1487.6,1401.6,1465.2,1508,1465,21.2,1647.1,Female
Daniela Vismane,21.3,1528.1,1431.6,1451.7,1500,1479.8,1489.9,1514.1,21.3,1569.5,Female
Irina Maria Bara,26.7,1526.6,1297.2,1500.2,1266,1411.9,1513.4,1396.3,25.6,1616.8,Female
Usue Maitane Arconada,23,1523.6,1501.6,1199.5,1301.7,1512.6,1361.6,1412.7,20.8,1607.1,Female
Hailey Baptiste,20,1522.9,1342.4,1524.8,1514.4,1432.6,1523.8,1518.6,19.8,1647.8,Female
Veronica Cepede Royg,29.8,1519.6,1442.5,1510.8,1333.5,1481.1,1515.2,1426.5,19,1694.2,Female
Paula Ormaechea,29.1,1518.6,1340,1497,1227.8,1429.3,1507.8,1373.2,20.6,1771.5,Female
Irina Khromacheva,26.5,1516.9,1389.8,1490.6,1347.5,1453.4,1503.7,1432.2,21.4,1632.9,Female
Oksana Selekhmeteva,18.9,1512,1366.3,1507,-,1439.1,1509.5,1431,18.8,1581.3,Female
Mariam Bolkvadze,23.9,1512,1498.9,1261.7,1083.7,1505.4,1386.8,1297.8,23.7,1590.6,Female
Andrea Lazaro Garcia,27,1510.1,1318.4,1458.6,-,1414.3,1484.3,1430.1,27,1553.1,Female
Kristie Ahn,29.2,1507.9,1482,1278.2,1487.9,1494.9,1393.1,1497.9,27.3,1701.9,Female
Victoria Jimenez Kasintseva,16.3,1506.1,1285.8,1513.1,1500,1395.9,1509.6,1503,16.3,1567.5,Female
Mai Hontama,22.2,1502.4,1454.3,1072.3,-,1478.4,1287.4,1426.2,22.1,1529.2,Female
Tamara Korpatsch,26.6,1501.9,1312.2,1520,1277.5,1407.1,1511,1389.7,24.5,1637,Female
Viktoriya Tomova,26.8,1501.7,1406.3,1479.7,1351,1454,1490.7,1426.4,22.6,1605,Female
Alexandra Cadantu,31.5,1501.3,1367.2,1482.6,1061.8,1434.3,1492,1281.6,21.2,1669.2,Female
Lucia Bronzetti,23,1500.7,1358.3,1474.5,-,1429.5,1487.6,1425.4,22.8,1598.2,Female
Arianne Hartono,25.7,1500.3,1480.8,1313.7,1273.4,1490.5,1407,1386.9,25.6,1525.2,Female
Ekaterine Gorgodze,30,1499.5,1230,1507.6,1424.2,1364.7,1503.5,1461.8,29.6,1551.6,Female
Valentini Grammatikopoulou,24.9,1496.4,1436.8,1398.6,1281.8,1466.6,1447.5,1389.1,21.3,1619.9,Female
Linda Fruhvirtova,16.6,1493.1,1429.4,1382.9,1500,1461.2,1438,1496.5,16.6,1540.1,Female
Georgina Garcia Perez,29.1,1490.7,1408.6,1451.3,1304.1,1449.7,1471,1397.4,26.3,1646,Female
Jana Fett,25.1,1489,1392.7,1379.3,1425.7,1440.8,1434.1,1457.4,20.6,1701.2,Female
Ellen Perez,25.9,1488.2,1352.4,1351.3,1384.9,1420.3,1419.8,1436.6,23,1528.6,Female
Katarzyna Kawa,29,1487.9,1356.4,1462.7,1360.1,1422.1,1475.3,1424,28,1588.7,Female
Cagla Buyukakcay,32,1483.7,1411.2,1453.9,995.3,1447.4,1468.8,1239.5,26.7,1647.5,Female
Tara Wurth,18.8,1479.9,1230,1426.8,-,1355,1453.4,1415,18.8,1497,Female
Lizette Cabrera,23.9,1478.4,1427.4,1181.2,1254.4,1452.9,1329.8,1366.4,21.9,1534.2,Female
Federica Di Sarra,31.4,1477.5,1295.9,1431.8,-,1386.7,1454.7,1413.8,31.4,1492.7,Female
Fernanda Contreras Gomez,24.2,1475.5,1348.3,1554.8,1500,1411.9,1515.2,1487.8,22.3,1636.8,Female
Ylena In Albon,22.8,1473.2,1506.8,1267.8,1245.6,1490,1370.5,1359.4,20.6,1556.9,Female
Dalayna Hewitt,20.9,1472.4,1422,1230,-,1447.2,1351.2,1411.2,20.9,1492.6,Female
Victoria Duval,25.9,1471.7,1432.9,1394.3,1374.5,1452.3,1433,1423.1,18.5,1726.5,Female
Isabella Shinikova,30.2,1471.1,1472.9,1240.8,1191.6,1472,1355.9,1331.3,28,1571.3,Female
Ane Mintegi Del Olmo,18.1,1469.8,1466.1,1326.4,-,1467.9,1398.1,1409.9,18.1,1496.2,Female
Katie Swan,22.4,1467.9,1362.1,1383.9,1345.2,1415,1425.9,1406.5,20.3,1538.5,Female
Giulia Gatto Monticone,33.9,1467.5,1464.9,1353.8,1425.1,1466.2,1410.7,1446.3,31.6,1619.3,Female
Elvina Kalieva,18.3,1467,1418.6,1194.5,-,1442.8,1330.8,1408.5,18.2,1506.8,Female
Arina Rodionova,31.9,1466.9,1396.1,1171,1507.2,1431.5,1318.9,1487,27.6,1558.8,Female
Louisa Chirico,25.4,1463.9,1414.6,1371.5,1189,1439.2,1417.7,1326.4,20.4,1715.7,Female
Grace Min,27.5,1463.6,1387.7,1446.6,1285.6,1425.6,1455.1,1374.6,20.2,1751.2,Female
Katrina Scott,17.4,1463.5,1400.4,1266.6,-,1432,1365,1406.8,17.1,1515.9,Female
Chloe Paquet,27.4,1463.5,1361.6,1382.3,1260,1412.5,1422.9,1361.8,25.3,1487.6,Female
Caroline Dolehide,23.1,1463.3,1420.5,1367.9,1296.9,1441.9,1415.6,1380.1,19.9,1694.6,Female
Maddison Inglis,23.8,1462.6,1433.8,1317.3,1181.9,1448.2,1389.9,1322.2,23.7,1528.4,Female
Katie Volynets,19.8,1461.7,1283.4,1514.8,1383.1,1372.6,1488.3,1422.4,19.5,1597,Female
Lisa Pigato,18.3,1460.4,1399,1377,1500,1429.7,1418.7,1480.2,17.9,1594.2,Female
Asia Muhammed,30.6,1456.5,1373.8,1320.6,1347,1415.1,1388.5,1401.8,25.8,1575.8,Female
Urszula Radwanska,30.9,1456.2,1397.1,1400.8,1415.9,1426.6,1428.5,1436.1,22.5,1789,Female
Mayo Hibi,25.6,1456,1389.6,1216.7,1312,1422.8,1336.3,1384,17.5,1596.5,Female
Jamie Loeb,26.5,1455.1,1437.8,1323.4,1243.9,1446.5,1389.2,1349.5,22.9,1580,Female
Katharina Hobgarski,24.2,1453.5,1388.7,1379.2,1183.5,1421.1,1416.4,1318.5,22.3,1511.9,Female
Despina Papamichail,28.7,1452.9,1284.3,1436,1211.8,1368.6,1444.5,1332.4,20.6,1496.3,Female
Allie Kiick,26.3,1452.5,1350.9,1492.2,1202.8,1401.7,1472.3,1327.6,19.8,1653.7,Female
Jessika Ponchet,25.2,1451.9,1422.6,1288.6,1251.8,1437.2,1370.2,1351.8,23,1554.7,Female
Varvara Flink,24.6,1448.7,1418.7,1322.6,1480.3,1433.7,1385.6,1464.5,20.6,1641.4,Female
Dalila Jakupovic,30.5,1447.9,1407.8,1316.1,1450.1,1427.8,1382,1449,27.2,1658.3,Female
Emina Bektas,28.6,1446.9,1384.1,1151.1,-,1415.5,1299,1398.4,24.5,1538,Female
Marcela Zacarias,27.6,1446.7,1395,1317.3,1500,1420.9,1382,1473.3,18.1,1692.2,Female
Emma Navarro,20.4,1446,1258.8,1424.2,-,1352.4,1435.1,1398,17.9,1475,Female
Simona Waltert,20.9,1445.6,1371.1,1341.2,1432.3,1408.4,1393.4,1439,20.4,1538.7,Female
Julia Grabher,25.4,1444.8,1234.6,1415,1294.1,1339.7,1429.9,1369.4,24.9,1494,Female
Na Lae Han,29.5,1444.6,1411.7,1165.1,1228.8,1428.2,1304.9,1336.7,27.1,1479.1,Female
Giuliana Olmos,28.1,1441.6,1379.3,1362.1,1500,1410.4,1401.9,1470.8,17.1,1515.7,Female
Francesca Di Lorenzo,24.3,1440.2,1368.1,1389.3,1188,1404.1,1414.7,1314.1,22.2,1631.9,Female
Olivia Gadecki,19.4,1439.6,1408.2,1347.4,1500,1423.9,1393.5,1469.8,18.8,1564.7,Female
Richel Hogenkamp,29.4,1437.7,1410.5,1400.7,1332.9,1424.1,1419.2,1385.3,25.1,1692,Female
Jessica Pieri,24.5,1437.6,1233.9,1407.9,1270.8,1335.8,1422.8,1354.2,24,1577.8,Female
Hanna Chang,23.7,1434.3,1326.3,1375.6,-,1380.3,1405,1392.2,23.6,1460.6,Female
Seone Mendez,22.5,1431.6,1098.2,1447.2,-,1264.9,1439.4,1390.8,22.4,1469.7,Female
Tereza Mrdeza,30.9,1430.4,1281.4,1410.7,1073.3,1355.9,1420.6,1251.8,22.4,1551,Female
Amandine Hesse,28.8,1429.4,1385.5,1336,1212.4,1407.5,1382.7,1320.9,23,1523.5,Female
Kimberly Birrell,22.8,1428.7,1419.3,1198.6,1069.7,1424,1313.7,1249.2,20.8,1486.5,Female
Yuliya Hatouka,21.6,1427.3,1386.4,1185.5,1304.5,1406.9,1306.4,1365.9,21.6,1441.7,Female
Yue Yuan,30.4,1424.6,1376,1227,-,1400.3,1325.8,1387.3,29.5,1467.5,Female
Anastasia Tikhonova,20.8,1424.4,1363.2,1230,-,1393.8,1327.2,1387.2,20.8,1446.2,Female
Sujeong Jang,26.5,1423.6,1230,1386.3,-,1326.8,1405,1386.8,26.4,1472.6,Female
Anastasia Zakharova,19.9,1423.4,1415.1,1211.7,-,1419.3,1317.6,1386.7,19.7,1489.5,Female
Nikola Bartunkova,15.5,1423.1,1230,1354.5,-,1326.5,1388.8,1386.5,15.3,1457.2,Female
Cristiana Ferrando,26.2,1421.8,1342.8,1345.6,-,1382.3,1383.7,1385.9,26.1,1453.6,Female
Susan Bandecchi,23.3,1421.8,1337.6,1356.9,1214.1,1379.7,1389.3,1317.9,22.9,1518.8,Female
Kathinka Von Deichmann,27.4,1419.3,1417.5,1330.8,1190.1,1418.4,1375,1304.7,24.3,1582.6,Female
Sophie Chang,24.4,1418.4,1383.8,1305.2,-,1401.1,1361.8,1384.2,24.2,1473.3,Female
Reka Luca Jani,30.4,1418.1,1269.5,1400.6,1081.6,1343.8,1409.3,1249.8,20.5,1528.9,Female
Katherine Sebov,22.8,1417.6,1375.2,1164,1435.9,1396.4,1290.8,1426.7,19.1,1588.1,Female
Raluca Georgiana Serban,24.4,1417.5,1334.1,1359.3,1255.6,1375.8,1388.4,1336.5,24.4,1461.4,Female
Conny Perrin,30.9,1417.2,1343.1,1362.4,1413.5,1380.1,1389.8,1415.3,28.5,1541.6,Female
Emiliana Arango,21,1416.7,1202,1402.3,1500,1309.4,1409.5,1458.4,17.2,1520.2,Female
Lucrezia Stefanini,23.4,1416.1,1305.4,1386.4,-,1360.7,1401.2,1383,23.3,1453.3,Female
Lina Gjorcheska,27.2,1414.5,1254.5,1455.8,1403.5,1334.5,1435.2,1409,22.7,1559.4,Female
Estela Perez Somarriba,23.1,1414.5,1459.4,1162.6,-,1437,1288.6,1382.3,23,1505,Female
Yuriko Miyazaki,26,1413.1,1379.7,1241.7,1225.1,1396.4,1327.4,1319.1,26,1426.3,Female
Andrea Gamiz,28.9,1409.9,1454.7,1334.7,1500,1432.3,1372.3,1454.9,18.6,1696.5,Female
Jia Jing Lu,32,1408.8,1388.1,1171.1,1062.3,1398.5,1289.9,1235.6,31.1,1487.1,Female
Lina Glushko,21.9,1407.7,1321.4,1504,1500,1364.5,1455.8,1453.8,19.1,1579,Female
Elsa Jacquemot,18.6,1405.9,1331.3,1293.2,-,1368.6,1349.6,1377.9,18.5,1430.2,Female
Mallaurie Noel,27,1404,1377,1109.3,-,1390.5,1256.7,1377,27,1416.2,Female
Daniela Seguel,29,1399.8,1420.8,1340.8,1196.8,1410.3,1370.3,1298.3,25.5,1591.2,Female
Marina Melnikova,32.6,1399.4,1253.2,1348.5,1355.3,1326.3,1374,1377.3,30,1444.4,Female
Eva Guerrero Alvarez,22.1,1399,1208.4,1362,1272.3,1303.7,1380.5,1335.7,21.6,1485.2,Female
Tessah Andrianjafitrimo,23,1398.3,1281.6,1341.8,1500,1340,1370,1449.2,17.9,1536.4,Female
Ellie Douglas,21.4,1397.8,1362.8,1151.5,-,1380.3,1274.7,1373.9,21.4,1429.2,Female
Stephanie Wagner,27.1,1397.4,1349,1324.1,-,1373.2,1360.8,1373.7,24.8,1417.1,Female
Aldila Sutjiadi,26.6,1395.2,1358.8,1269.2,1500,1377,1332.2,1447.6,22.8,1749.9,Female
Catherine Harrison,27.6,1395.2,1376.8,1021.5,-,1386,1208.3,1372.6,25.8,1421.7,Female
Natalija Kostic,27.3,1395,1380,1286.4,1187.2,1387.5,1340.7,1291.1,25.2,1549.4,Female
Kimberley Zimmermann,25.8,1394.5,1405.2,1298.4,1232.1,1399.8,1346.4,1313.3,23,1538.2,Female
Alycia Parks,20.8,1393.7,1256.1,1402.2,-,1324.9,1398,1371.9,20.3,1513.1,Female
Laura Ioana Andrei,33,1390.4,1318.8,1346,-,1354.6,1368.2,1370.2,32.7,1490.6,Female
Ena Shibahara,23.6,1388.2,1325.1,1338.6,-,1356.7,1363.4,1369.1,21.5,1473.5,Female
Jaimee Fourlis,22,1387.7,1223.5,1462.1,1151.9,1305.6,1424.9,1269.8,19.9,1546,Female
Reese Brantmeier,17.1,1387.5,1345.9,1127.7,-,1366.7,1257.6,1368.7,17,1445.8,Female
Destanee Aiava,21.1,1387.3,1338.6,1330.7,1244.9,1363,1359,1316.1,17.9,1564.6,Female
Gabriela Talaba,26.3,1386.5,1328,1334.2,1277.7,1357.3,1360.4,1332.1,25.2,1455.8,Female
Chihiro Muramatsu,23.4,1385.9,1337.3,1329.3,1173.3,1361.6,1357.6,1279.6,22.3,1443.7,Female
Gabriela Ce,28.5,1384.9,1178.1,1377.6,1500,1281.5,1381.3,1442.4,21.6,1489.9,Female
Mirjam Bjorklund,23.2,1378.7,1228.8,1370.3,1500,1303.7,1374.5,1439.3,20.9,1499.2,Female
Anna Zaja,30.2,1375.6,1274.5,1343.8,1245.7,1325,1359.7,1310.6,27.1,1535.9,Female
Martina Di Giuseppe,30.8,1375.1,1222.2,1336.3,1225,1298.7,1355.7,1300.1,28.4,1507.3,Female
Xiaodi You,25.5,1373.9,1320.1,1287.3,1259.5,1347,1330.6,1316.7,23.4,1442.3,Female
Elitsa Kostova,31.3,1372.4,1315.6,1335,1256.8,1344,1353.7,1314.6,18.4,1540.5,Female
Carol Zhao,26.5,1370.1,1305.2,1313.6,1105,1337.7,1341.9,1237.6,22.4,1489.5,Female
Iryna Shymanovich,24.5,1360.8,1297.3,1312.8,-,1329,1336.8,1355.4,22.1,1410.1,Female
Samantha Murray,34,1360.7,1312.4,1050.7,1278.1,1336.6,1205.7,1319.4,23.7,1471.8,Female
Valeria Savinykh,30.6,1359.1,1338.4,1226.8,1273.4,1348.8,1293,1316.2,20.8,1599.8,Female
Carolina Meligeni Rodrigues Alves,25.6,1358.3,1190.5,1348.6,-,1274.4,1353.4,1354.1,23.5,1396.1,Female
Sada Nahimana,20.5,1357.7,1255.2,1300,-,1306.5,1328.8,1353.9,20.4,1400.8,Female
Ylona Georgiana Ghioroaie,23.7,1351.9,1282.4,1244.2,-,1317.1,1298.1,1351,20,1373.7,Female
Ankita Raina,28.9,1351.2,1298.6,1264.4,1079.2,1324.9,1307.8,1215.2,25.3,1450.6,Female
Yana Morderger,24.5,1351,1235.7,1319.4,-,1293.4,1335.2,1350.5,24.3,1395.6,Female
Marie Benoit,26.6,1348.7,1266.4,1322.9,1281.9,1307.5,1335.8,1315.3,26.1,1434.7,Female
Maria Mateas,22.3,1348.3,1175.4,1413.3,1500,1261.8,1380.8,1424.1,18.3,1514.9,Female
Anna Danilina,26.3,1347.9,1220.5,1353.3,1266.7,1284.2,1350.6,1307.3,25,1406.5,Female
Yuki Naito,20.8,1347.9,1289.8,1151.5,-,1318.8,1249.7,1348.9,20,1404.7,Female
Ekaterina Shalimova,21.1,1347.5,1314.3,1230,-,1330.9,1288.7,1348.7,21.1,1384,Female
Bianca Turati,24.4,1345.7,1354.7,1252.8,-,1350.2,1299.3,1347.9,23.8,1525.9,Female
Audrey Albie,27.1,1338.7,1350.2,1072.2,-,1344.4,1205.4,1344.3,24.2,1530.9,Female
Suzan Lamens,22.2,1334.7,1230,1306.2,-,1282.4,1320.5,1342.4,22,1382.8,Female
Sarah Beth Askew,26.2,1332.1,1342.3,1296.3,1085.6,1337.2,1314.2,1208.9,26.1,1369.6,Female
Ekaterina Kazionova,22.9,1331.5,1286.5,1230,-,1309,1280.7,1340.7,22.9,1338.5,Female
Ulrikke Eikeri,29,1331.4,1267.4,1287.5,1396.4,1299.4,1309.4,1363.9,16.4,1667.8,Female
Jodie Anna Burrage,22.3,1326.7,1350.4,1191.7,1031.9,1338.5,1259.2,1179.3,19.9,1337.6,Female
Lois Boisson,18.4,1326.1,1074.7,1353.3,-,1200.4,1339.7,1338.1,18.1,1431.5,Female
Indy De Vroome,25.4,1324,1282.7,1036.3,1341.9,1303.3,1180.2,1333,23.7,1478.7,Female
Quinn Gleason,27,1322.9,1287.6,1192.1,-,1305.3,1257.5,1336.5,24.8,1414.5,Female
Jessica Bouzas Maneiro,19.1,1316.6,1211,1319.4,-,1263.8,1318,1333.3,18.9,1366.5,Female
Miriam Bianca Bulgaru,22.8,1316.1,1230,1269.3,-,1273.1,1292.7,1333.1,22.8,1327.7,Female
Angela Fita Boluda,22.2,1315.6,1268.9,1264.3,-,1292.2,1289.9,1332.8,22.2,1351.9,Female
Camilla Rosatello,26.3,1314.5,1093.3,1282,-,1203.9,1298.3,1332.3,22.2,1458.9,Female
Maria Lourdes Carle,21.8,1314,1193.3,1287.5,-,1253.7,1300.7,1332,21.8,1354.3,Female
Ashlyn Krueger,17.5,1313.3,1237.9,1459.4,1500,1275.6,1386.4,1406.7,17,1482.2,Female
Lena Rueffer,23.1,1310.2,1062.5,1315.3,1275.4,1186.3,1312.7,1292.8,19.7,1388.4,Female
Marina Bassols Ribera,21.9,1310.1,1061.7,1317.1,-,1185.9,1313.6,1330.1,21.6,1398.5,Female
Katharina Gerlach,23.7,1308.3,1062.9,1281.8,1203.4,1185.6,1295,1255.8,23.4,1346.3,Female
Martina Caregaro,29.4,1307.6,1236.8,1218.1,1280.5,1272.2,1262.8,1294,18.1,1413.7,Female
Andreea Prisacariu,21.7,1301.1,1206.9,1275.3,-,1254,1288.2,1325.5,18.4,1330.8,Female
Guiomar Maristany Zuleta De Reales,22.7,1300.7,1233.5,1238.2,-,1267.1,1269.4,1325.4,19.6,1333,Female
Leonie Kung,21.1,1298.7,1310.9,1153.6,1242.4,1304.8,1226.2,1270.5,20.4,1554.2,Female
Laura Pigossi,27.3,1298.6,1183.8,1255,-,1241.2,1276.8,1324.3,27.3,1309.3,Female
Irene Burillo Escorihuela,24.3,1298,1391.8,1188.4,1241.2,1344.9,1243.2,1269.6,23.9,1421.3,Female
Whitney Osuigwe,19.5,1297,1295.5,1297.8,1072.5,1296.3,1297.4,1184.8,16.3,1686.6,Female
Margot Yerolymos,24.2,1295.4,1184.3,1221,-,1239.9,1258.2,1322.7,23.4,1333.9,Female
Naiktha Bains,23.9,1290.8,1215.2,1201.4,1250.1,1253,1246.1,1270.5,21.5,1385.6,Female
Dominika Salkova,17.2,1289.9,1167.1,1296.9,-,1228.5,1293.4,1320,17.2,1306.5,Female
Tara Moore,29.2,1287.1,1214.2,974.3,1320.1,1250.6,1130.7,1303.6,24.3,1520.2,Female
Chanelle Van Nguyen,27.8,1285.8,1295.8,1100,-,1290.8,1192.9,1317.9,27.7,1337.3,Female
Robin Montgomery,17.3,1283.4,1260.3,1161.4,-,1271.8,1222.4,1316.7,16.9,1327.9,Female
Kamilla Bartone,19.3,1280.8,1230,1256.8,-,1255.4,1268.8,1315.4,19.1,1320.4,Female
Alice Rame,23.8,1274.4,1145.6,1248.9,-,1210,1261.7,1312.2,21.8,1362.5,Female
Anna Kubareva,20.6,1272.9,1299.2,1128.8,-,1286.1,1200.9,1311.5,20.4,1360.7,Female
Peangtarn Plipuech,29.1,1271.5,1216.5,1248.5,1263.1,1244,1260,1267.3,26.5,1395.9,Female
Estelle Cascino,25.6,1263.1,1228.7,1220,-,1245.9,1241.6,1306.6,25.6,1271.1,Female
Lulu Radovcic,20.5,1253.5,1280.5,1144.7,-,1267,1199.1,1301.8,20.5,1294.7,Female
Tena Lukas,26.4,1253.3,1185.2,1222.9,-,1219.3,1238.1,1301.6,23.2,1489,Female
Carole Monnet,19.9,1251.9,1005.7,1341.2,-,1128.8,1296.6,1301,19.7,1333.8,Female
Weronika Falkowska,21.4,1248.6,1109.8,1242.4,-,1179.2,1245.5,1299.3,21.1,1288.7,Female
Barbara Gatica,25.3,1247.6,1035.3,1252.4,1500,1141.5,1250,1373.8,20.5,1401.9,Female
Ipek Oz,22.2,1246.6,910.2,1319.7,-,1078.4,1283.2,1298.3,22.2,1264.2,Female
Maria Gutierrez Carrasco,24.1,1245.3,1099.9,1277.2,-,1172.6,1261.2,1297.6,24,1326.4,Female
Karman Thandi,23.4,1241.3,1180.6,1288.3,-,1211,1264.8,1295.7,20.1,1379.6,Female
Ana Sofia Sanchez,27.6,1240.8,1288.3,1141.2,1500,1264.5,1191,1370.4,18,1551.5,Female
Irina Fetecau,25.4,1238.2,1137.6,1214.3,1280.7,1187.9,1226.2,1259.4,25.3,1276.3,Female
Makoto Ninomiya,27.3,1237.1,1133.6,1230,1330.9,1185.3,1233.5,1284,18,1356.3,Female
Vivian Heisen,27.8,1235.3,1156,1117.6,1276.1,1195.6,1176.4,1255.7,23.6,1284,Female
Leolia Jeanjean,26.3,1227.5,1040.6,1365.2,-,1134.1,1296.4,1288.8,25.9,1364.2,Female
Monika Kilnarova,21.9,1218.2,1135.6,1192.6,-,1176.9,1205.4,1284.1,21.9,1247.8,Female
Alice Robbe,21.6,1211.4,1223.7,1122.6,-,1217.5,1167,1280.7,21.5,1295.7,Female
Valeriya Strakhova,26.5,1202.1,1150.3,1128.1,-,1176.2,1165.1,1276.1,21.2,1278.9,Female
Nagi Hanatani,26.7,1191.6,1141.3,1271.9,-,1166.5,1231.8,1270.8,24.7,1322,Female
Amina Anshba,22.1,1182.9,1093.5,1167.1,-,1138.2,1175,1266.5,21.9,1247.2,Female
Peyton Stearns,20,1162.2,1142.7,1160.7,-,1152.5,1161.4,1256.1,16.8,1188.3,Female
Olivia Tjandramulia,24.6,1112.5,1038.9,1070.2,1305.8,1075.7,1091.3,1209.2,18.5,1265.3,Female
Eden Silva,25.5,1094.4,926.2,1072.1,1153.7,1010.3,1083.3,1124.1,21.2,1228.7,Female
Riya Bhatia,24.2,1058.4,1028.8,1150.1,1245.3,1043.6,1104.3,1151.9,20.2,1196.3,Female
Anna Siskova,20.4,1035.9,1227.6,972.5,-,1131.8,1004.2,1193,15,1169,Female
Ekaterina Yashina,28.2,1032.1,1057.5,908.5,1325.5,1044.8,970.3,1178.8,18,1229.3,Female
